Record Length,2.500000e+03,,  -2.720000000000,  -0.01200,
Sample Interval,4.000000e-03,,  -2.716000000000,  -0.00800,
Trigger Point,6.800000000000e+02,,  -2.712000000000,  -0.00800,
,,,  -2.708000000000,  -0.00400,
,,,  -2.704000000000,   0.00000,
,,,  -2.700000000000,   0.00400,
Source,CH2,,  -2.696000000000,   0.00800,
Vertical Units,V,,  -2.692000000000,   0.00800,
Vertical Scale,1.000000e-01,,  -2.688000000000,   0.01200,
Vertical Offset,1.000000e-01,,  -2.684000000000,   0.01200,
Horizontal Units,s,,  -2.680000000000,   0.01600,
Horizontal Scale,1.000000e+00,,  -2.676000000000,   0.01600,
Pt Fmt,Y,,  -2.672000000000,   0.02000,
Yzero,0.000000e+00,,  -2.668000000000,   0.02000,
Probe Atten,1.000000e+00,,  -2.664000000000,   0.02000,
Model Number,TDS2012C,,  -2.660000000000,   0.02000,
Serial Number,C018359,,  -2.656000000000,   0.02000,
Firmware Version,FV:v24.17,,  -2.652000000000,   0.02400,
,,,-02.648000000000,   0.02000,
,,,-02.644000000000,   0.02000,
,,,-02.640000000000,   0.02000,
,,,-02.636000000000,   0.02400,
,,,-02.632000000000,   0.02000,
,,,-02.628000000000,   0.02000,
,,,-02.624000000000,   0.02000,
,,,-02.620000000000,   0.02400,
,,,-02.616000000000,   0.02400,
,,,-02.612000000000,   0.02400,
,,,-02.608000000000,   0.02000,
,,,-02.604000000000,   0.02400,
,,,-02.600000000000,   0.02000,
,,,-02.596000000000,   0.02400,
,,,-02.592000000000,   0.02000,
,,,-02.588000000000,   0.02000,
,,,-02.584000000000,   0.02000,
,,,-02.580000000000,   0.02000,
,,,-02.576000000000,   0.02000,
,,,-02.572000000000,   0.02400,
,,,-02.568000000000,   0.02400,
,,,-02.564000000000,   0.02000,
,,,-02.560000000000,   0.02400,
,,,-02.556000000000,   0.02000,
,,,-02.552000000000,   0.02000,
,,,-02.548000000000,   0.02400,
,,,-02.544000000000,   0.02000,
,,,-02.540000000000,   0.02400,
,,,-02.536000000000,   0.02400,
,,,-02.532000000000,   0.02400,
,,,-02.528000000000,   0.02400,
,,,-02.524000000000,   0.02000,
,,,-02.520000000000,   0.02400,
,,,-02.516000000000,   0.02400,
,,,-02.512000000000,   0.02400,
,,,-02.508000000000,   0.02000,
,,,-02.504000000000,   0.02000,
,,,-02.500000000000,   0.02000,
,,,-02.496000000000,   0.02400,
,,,-02.492000000000,   0.02400,
,,,-02.488000000000,   0.02400,
,,,-02.484000000000,   0.02400,
,,,-02.480000000000,   0.02400,
,,,-02.476000000000,   0.02400,
,,,-02.472000000000,   0.02400,
,,,-02.468000000000,   0.02400,
,,,-02.464000000000,   0.02400,
,,,-02.460000000000,   0.02000,
,,,-02.456000000000,   0.02400,
,,,-02.452000000000,   0.02400,
,,,-02.448000000000,   0.02400,
,,,-02.444000000000,   0.02400,
,,,-02.440000000000,   0.02000,
,,,-02.436000000000,   0.02000,
,,,-02.432000000000,   0.02000,
,,,-02.428000000000,   0.02000,
,,,-02.424000000000,   0.02400,
,,,-02.420000000000,   0.02400,
,,,-02.416000000000,   0.02000,
,,,-02.412000000000,   0.02400,
,,,-02.408000000000,   0.02400,
,,,-02.404000000000,   0.02400,
,,,-02.400000000000,   0.02400,
,,,-02.396000000000,   0.02000,
,,,-02.392000000000,   0.02000,
,,,-02.388000000000,   0.02000,
,,,-02.384000000000,   0.02000,
,,,-02.380000000000,   0.02400,
,,,-02.376000000000,   0.02400,
,,,-02.372000000000,   0.02000,
,,,-02.368000000000,   0.02400,
,,,-02.364000000000,   0.02000,
,,,-02.360000000000,   0.02400,
,,,-02.356000000000,   0.02000,
,,,-02.352000000000,   0.02000,
,,,-02.348000000000,   0.02400,
,,,-02.344000000000,   0.02400,
,,,-02.340000000000,   0.02400,
,,,-02.336000000000,   0.02000,
,,,-02.332000000000,   0.02400,
,,,-02.328000000000,   0.02000,
,,,-02.324000000000,   0.02400,
,,,-02.320000000000,   0.02000,
,,,-02.316000000000,   0.02000,
,,,-02.312000000000,   0.02000,
,,,-02.308000000000,   0.02400,
,,,-02.304000000000,   0.02000,
,,,-02.300000000000,   0.02000,
,,,-02.296000000000,   0.02400,
,,,-02.292000000000,   0.02000,
,,,-02.288000000000,   0.02400,
,,,-02.284000000000,   0.02000,
,,,-02.280000000000,   0.02000,
,,,-02.276000000000,   0.02000,
,,,-02.272000000000,   0.02000,
,,,-02.268000000000,   0.02000,
,,,-02.264000000000,   0.01600,
,,,-02.260000000000,   0.01200,
,,,-02.256000000000,   0.01200,
,,,-02.252000000000,   0.00800,
,,,-02.248000000000,   0.00000,
,,,-02.244000000000,  -0.00800,
,,,-02.240000000000,  -0.01600,
,,,-02.236000000000,  -0.02800,
,,,-02.232000000000,  -0.03600,
,,,-02.228000000000,  -0.04400,
,,,-02.224000000000,  -0.04800,
,,,-02.220000000000,  -0.05200,
,,,-02.216000000000,  -0.04800,
,,,-02.212000000000,  -0.04800,
,,,-02.208000000000,  -0.04400,
,,,-02.204000000000,  -0.04000,
,,,-02.200000000000,  -0.03200,
,,,-02.196000000000,  -0.02800,
,,,-02.192000000000,  -0.02000,
,,,-02.188000000000,  -0.01200,
,,,-02.184000000000,  -0.01200,
,,,-02.180000000000,  -0.00400,
,,,-02.176000000000,   0.00400,
,,,-02.172000000000,   0.00800,
,,,-02.168000000000,   0.01200,
,,,-02.164000000000,   0.01200,
,,,-02.160000000000,   0.01600,
,,,-02.156000000000,   0.01600,
,,,-02.152000000000,   0.02000,
,,,-02.148000000000,   0.02000,
,,,-02.144000000000,   0.02000,
,,,-02.140000000000,   0.02000,
,,,-02.136000000000,   0.02400,
,,,-02.132000000000,   0.02400,
,,,-02.128000000000,   0.02400,
,,,-02.124000000000,   0.02400,
,,,-02.120000000000,   0.02400,
,,,-02.116000000000,   0.02400,
,,,-02.112000000000,   0.02400,
,,,-02.108000000000,   0.02400,
,,,-02.104000000000,   0.02400,
,,,-02.100000000000,   0.02400,
,,,-02.096000000000,   0.02000,
,,,-02.092000000000,   0.02400,
,,,-02.088000000000,   0.02400,
,,,-02.084000000000,   0.02400,
,,,-02.080000000000,   0.02400,
,,,-02.076000000000,   0.02400,
,,,-02.072000000000,   0.02400,
,,,-02.068000000000,   0.02400,
,,,-02.064000000000,   0.02400,
,,,-02.060000000000,   0.02400,
,,,-02.056000000000,   0.02000,
,,,-02.052000000000,   0.02400,
,,,-02.048000000000,   0.02400,
,,,-02.044000000000,   0.02400,
,,,-02.040000000000,   0.02400,
,,,-02.036000000000,   0.02400,
,,,-02.032000000000,   0.02400,
,,,-02.028000000000,   0.02400,
,,,-02.024000000000,   0.02400,
,,,-02.020000000000,   0.02400,
,,,-02.016000000000,   0.02000,
,,,-02.012000000000,   0.02400,
,,,-02.008000000000,   0.02000,
,,,-02.004000000000,   0.02400,
,,,-02.000000000000,   0.02400,
,,,-01.996000000000,   0.02400,
,,,-01.992000000000,   0.02400,
,,,-01.988000000000,   0.02400,
,,,-01.984000000000,   0.02400,
,,,-01.980000000000,   0.02000,
,,,-01.976000000000,   0.02400,
,,,-01.972000000000,   0.02400,
,,,-01.968000000000,   0.02400,
,,,-01.964000000000,   0.02400,
,,,-01.960000000000,   0.02400,
,,,-01.956000000000,   0.02400,
,,,-01.952000000000,   0.02400,
,,,-01.948000000000,   0.02400,
,,,-01.944000000000,   0.02400,
,,,-01.940000000000,   0.02400,
,,,-01.936000000000,   0.02400,
,,,-01.932000000000,   0.02400,
,,,-01.928000000000,   0.02400,
,,,-01.924000000000,   0.02400,
,,,-01.920000000000,   0.02400,
,,,-01.916000000000,   0.02000,
,,,-01.912000000000,   0.02400,
,,,-01.908000000000,   0.02400,
,,,-01.904000000000,   0.02400,
,,,-01.900000000000,   0.02400,
,,,-01.896000000000,   0.02400,
,,,-01.892000000000,   0.02400,
,,,-01.888000000000,   0.02400,
,,,-01.884000000000,   0.02400,
,,,-01.880000000000,   0.02400,
,,,-01.876000000000,   0.02400,
,,,-01.872000000000,   0.02400,
,,,-01.868000000000,   0.02400,
,,,-01.864000000000,   0.02400,
,,,-01.860000000000,   0.02400,
,,,-01.856000000000,   0.02400,
,,,-01.852000000000,   0.02400,
,,,-01.848000000000,   0.02400,
,,,-01.844000000000,   0.02400,
,,,-01.840000000000,   0.02400,
,,,-01.836000000000,   0.02400,
,,,-01.832000000000,   0.02400,
,,,-01.828000000000,   0.02400,
,,,-01.824000000000,   0.02400,
,,,-01.820000000000,   0.02400,
,,,-01.816000000000,   0.02400,
,,,-01.812000000000,   0.02400,
,,,-01.808000000000,   0.02400,
,,,-01.804000000000,   0.02400,
,,,-01.800000000000,   0.02400,
,,,-01.796000000000,   0.02400,
,,,-01.792000000000,   0.02400,
,,,-01.788000000000,   0.02000,
,,,-01.784000000000,   0.02800,
,,,-01.780000000000,   0.02400,
,,,-01.776000000000,   0.02400,
,,,-01.772000000000,   0.02400,
,,,-01.768000000000,   0.02400,
,,,-01.764000000000,   0.02400,
,,,-01.760000000000,   0.02400,
,,,-01.756000000000,   0.02400,
,,,-01.752000000000,   0.02400,
,,,-01.748000000000,   0.02400,
,,,-01.744000000000,   0.02400,
,,,-01.740000000000,   0.02400,
,,,-01.736000000000,   0.02400,
,,,-01.732000000000,   0.02400,
,,,-01.728000000000,   0.02400,
,,,-01.724000000000,   0.02400,
,,,-01.720000000000,   0.02400,
,,,-01.716000000000,   0.02400,
,,,-01.712000000000,   0.02000,
,,,-01.708000000000,   0.02400,
,,,-01.704000000000,   0.02400,
,,,-01.700000000000,   0.02400,
,,,-01.696000000000,   0.02400,
,,,-01.692000000000,   0.02000,
,,,-01.688000000000,   0.02000,
,,,-01.684000000000,   0.02400,
,,,-01.680000000000,   0.02400,
,,,-01.676000000000,   0.02400,
,,,-01.672000000000,   0.02000,
,,,-01.668000000000,   0.02400,
,,,-01.664000000000,   0.02000,
,,,-01.660000000000,   0.02400,
,,,-01.656000000000,   0.02400,
,,,-01.652000000000,   0.02000,
,,,-01.648000000000,   0.02400,
,,,-01.644000000000,   0.02400,
,,,-01.640000000000,   0.02400,
,,,-01.636000000000,   0.02400,
,,,-01.632000000000,   0.02400,
,,,-01.628000000000,   0.02400,
,,,-01.624000000000,   0.02400,
,,,-01.620000000000,   0.02400,
,,,-01.616000000000,   0.02400,
,,,-01.612000000000,   0.02400,
,,,-01.608000000000,   0.02400,
,,,-01.604000000000,   0.02400,
,,,-01.600000000000,   0.02400,
,,,-01.596000000000,   0.02400,
,,,-01.592000000000,   0.02400,
,,,-01.588000000000,   0.02800,
,,,-01.584000000000,   0.02400,
,,,-01.580000000000,   0.02400,
,,,-01.576000000000,   0.02400,
,,,-01.572000000000,   0.02400,
,,,-01.568000000000,   0.02400,
,,,-01.564000000000,   0.02400,
,,,-01.560000000000,   0.02400,
,,,-01.556000000000,   0.02400,
,,,-01.552000000000,   0.02400,
,,,-01.548000000000,   0.02400,
,,,-01.544000000000,   0.02400,
,,,-01.540000000000,   0.02400,
,,,-01.536000000000,   0.02400,
,,,-01.532000000000,   0.02400,
,,,-01.528000000000,   0.02400,
,,,-01.524000000000,   0.02400,
,,,-01.520000000000,   0.02400,
,,,-01.516000000000,   0.02400,
,,,-01.512000000000,   0.02400,
,,,-01.508000000000,   0.02400,
,,,-01.504000000000,   0.02400,
,,,-01.500000000000,   0.02400,
,,,-01.496000000000,   0.02400,
,,,-01.492000000000,   0.02400,
,,,-01.488000000000,   0.02400,
,,,-01.484000000000,   0.02400,
,,,-01.480000000000,   0.02400,
,,,-01.476000000000,   0.02400,
,,,-01.472000000000,   0.02400,
,,,-01.468000000000,   0.02000,
,,,-01.464000000000,   0.02400,
,,,-01.460000000000,   0.02000,
,,,-01.456000000000,   0.02400,
,,,-01.452000000000,   0.02400,
,,,-01.448000000000,   0.02000,
,,,-01.444000000000,   0.02400,
,,,-01.440000000000,   0.02400,
,,,-01.436000000000,   0.02000,
,,,-01.432000000000,   0.02400,
,,,-01.428000000000,   0.02400,
,,,-01.424000000000,   0.02400,
,,,-01.420000000000,   0.02400,
,,,-01.416000000000,   0.02400,
,,,-01.412000000000,   0.02400,
,,,-01.408000000000,   0.02400,
,,,-01.404000000000,   0.02400,
,,,-01.400000000000,   0.02400,
,,,-01.396000000000,   0.02400,
,,,-01.392000000000,   0.02400,
,,,-01.388000000000,   0.02000,
,,,-01.384000000000,   0.02400,
,,,-01.380000000000,   0.02400,
,,,-01.376000000000,   0.02400,
,,,-01.372000000000,   0.02800,
,,,-01.368000000000,   0.02400,
,,,-01.364000000000,   0.02400,
,,,-01.360000000000,   0.02400,
,,,-01.356000000000,   0.02000,
,,,-01.352000000000,   0.02400,
,,,-01.348000000000,   0.02400,
,,,-01.344000000000,   0.02400,
,,,-01.340000000000,   0.02400,
,,,-01.336000000000,   0.02400,
,,,-01.332000000000,   0.02400,
,,,-01.328000000000,   0.02400,
,,,-01.324000000000,   0.02400,
,,,-01.320000000000,   0.02000,
,,,-01.316000000000,   0.02000,
,,,-01.312000000000,   0.02400,
,,,-01.308000000000,   0.02400,
,,,-01.304000000000,   0.02400,
,,,-01.300000000000,   0.02400,
,,,-01.296000000000,   0.02400,
,,,-01.292000000000,   0.02400,
,,,-01.288000000000,   0.02400,
,,,-01.284000000000,   0.02400,
,,,-01.280000000000,   0.02400,
,,,-01.276000000000,   0.02400,
,,,-01.272000000000,   0.02400,
,,,-01.268000000000,   0.02400,
,,,-01.264000000000,   0.02400,
,,,-01.260000000000,   0.02400,
,,,-01.256000000000,   0.02400,
,,,-01.252000000000,   0.02400,
,,,-01.248000000000,   0.02400,
,,,-01.244000000000,   0.02400,
,,,-01.240000000000,   0.02400,
,,,-01.236000000000,   0.02000,
,,,-01.232000000000,   0.02400,
,,,-01.228000000000,   0.02400,
,,,-01.224000000000,   0.02400,
,,,-01.220000000000,   0.02400,
,,,-01.216000000000,   0.02400,
,,,-01.212000000000,   0.02400,
,,,-01.208000000000,   0.02400,
,,,-01.204000000000,   0.02400,
,,,-01.200000000000,   0.02400,
,,,-01.196000000000,   0.02400,
,,,-01.192000000000,   0.02000,
,,,-01.188000000000,   0.02400,
,,,-01.184000000000,   0.02400,
,,,-01.180000000000,   0.02400,
,,,-01.176000000000,   0.02400,
,,,-01.172000000000,   0.02400,
,,,-01.168000000000,   0.02400,
,,,-01.164000000000,   0.02800,
,,,-01.160000000000,   0.02400,
,,,-01.156000000000,   0.02400,
,,,-01.152000000000,   0.02400,
,,,-01.148000000000,   0.02400,
,,,-01.144000000000,   0.02400,
,,,-01.140000000000,   0.02400,
,,,-01.136000000000,   0.02400,
,,,-01.132000000000,   0.02400,
,,,-01.128000000000,   0.02400,
,,,-01.124000000000,   0.02400,
,,,-01.120000000000,   0.02400,
,,,-01.116000000000,   0.02000,
,,,-01.112000000000,   0.02000,
,,,-01.108000000000,   0.02400,
,,,-01.104000000000,   0.02400,
,,,-01.100000000000,   0.02000,
,,,-01.096000000000,   0.02400,
,,,-01.092000000000,   0.02000,
,,,-01.088000000000,   0.02000,
,,,-01.084000000000,   0.02400,
,,,-01.080000000000,   0.02400,
,,,-01.076000000000,   0.02400,
,,,-01.072000000000,   0.02400,
,,,-01.068000000000,   0.02400,
,,,-01.064000000000,   0.02000,
,,,-01.060000000000,   0.02400,
,,,-01.056000000000,   0.02400,
,,,-01.052000000000,   0.02400,
,,,-01.048000000000,   0.02400,
,,,-01.044000000000,   0.02400,
,,,-01.040000000000,   0.02400,
,,,-01.036000000000,   0.02400,
,,,-01.032000000000,   0.02400,
,,,-01.028000000000,   0.02400,
,,,-01.024000000000,   0.02400,
,,,-01.020000000000,   0.02400,
,,,-01.016000000000,   0.02400,
,,,-01.012000000000,   0.02400,
,,,-01.008000000000,   0.02400,
,,,-01.004000000000,   0.02400,
,,,-01.000000000000,   0.02400,
,,,-00.996000000000,   0.02400,
,,,-00.992000000000,   0.02400,
,,,-00.988000000000,   0.02400,
,,,-00.984000000000,   0.02400,
,,,-00.980000000000,   0.02400,
,,,-00.976000000000,   0.02400,
,,,-00.972000000000,   0.02400,
,,,-00.968000000000,   0.02400,
,,,-00.964000000000,   0.02000,
,,,-00.960000000000,   0.02400,
,,,-00.956000000000,   0.02400,
,,,-00.952000000000,   0.02400,
,,,-00.948000000000,   0.02400,
,,,-00.944000000000,   0.02400,
,,,-00.940000000000,   0.02000,
,,,-00.936000000000,   0.02400,
,,,-00.932000000000,   0.02400,
,,,-00.928000000000,   0.02400,
,,,-00.924000000000,   0.02400,
,,,-00.920000000000,   0.02400,
,,,-00.916000000000,   0.02400,
,,,-00.912000000000,   0.02400,
,,,-00.908000000000,   0.02400,
,,,-00.904000000000,   0.02400,
,,,-00.900000000000,   0.02400,
,,,-00.896000000000,   0.02400,
,,,-00.892000000000,   0.02400,
,,,-00.888000000000,   0.02400,
,,,-00.884000000000,   0.02400,
,,,-00.880000000000,   0.02000,
,,,-00.876000000000,   0.02400,
,,,-00.872000000000,   0.02000,
,,,-00.868000000000,   0.02400,
,,,-00.864000000000,   0.02400,
,,,-00.860000000000,   0.02000,
,,,-00.856000000000,   0.02400,
,,,-00.852000000000,   0.02400,
,,,-00.848000000000,   0.02400,
,,,-00.844000000000,   0.02400,
,,,-00.840000000000,   0.02400,
,,,-00.836000000000,   0.02400,
,,,-00.832000000000,   0.02400,
,,,-00.828000000000,   0.02400,
,,,-00.824000000000,   0.02400,
,,,-00.820000000000,   0.02400,
,,,-00.816000000000,   0.02400,
,,,-00.812000000000,   0.02400,
,,,-00.808000000000,   0.02400,
,,,-00.804000000000,   0.02400,
,,,-00.800000000000,   0.02400,
,,,-00.796000000000,   0.02400,
,,,-00.792000000000,   0.02400,
,,,-00.788000000000,   0.02400,
,,,-00.784000000000,   0.02400,
,,,-00.780000000000,   0.02400,
,,,-00.776000000000,   0.02400,
,,,-00.772000000000,   0.02400,
,,,-00.768000000000,   0.02400,
,,,-00.764000000000,   0.02800,
,,,-00.760000000000,   0.02400,
,,,-00.756000000000,   0.02000,
,,,-00.752000000000,   0.02400,
,,,-00.748000000000,   0.02400,
,,,-00.744000000000,   0.02400,
,,,-00.740000000000,   0.02000,
,,,-00.736000000000,   0.02400,
,,,-00.732000000000,   0.02400,
,,,-00.728000000000,   0.02400,
,,,-00.724000000000,   0.02400,
,,,-00.720000000000,   0.02400,
,,,-00.716000000000,   0.02400,
,,,-00.712000000000,   0.02400,
,,,-00.708000000000,   0.02400,
,,,-00.704000000000,   0.02000,
,,,-00.700000000000,   0.02400,
,,,-00.696000000000,   0.02400,
,,,-00.692000000000,   0.02400,
,,,-00.688000000000,   0.02400,
,,,-00.684000000000,   0.02400,
,,,-00.680000000000,   0.02400,
,,,-00.676000000000,   0.02400,
,,,-00.672000000000,   0.02400,
,,,-00.668000000000,   0.02400,
,,,-00.664000000000,   0.02400,
,,,-00.660000000000,   0.02000,
,,,-00.656000000000,   0.02400,
,,,-00.652000000000,   0.02000,
,,,-00.648000000000,   0.02400,
,,,-00.644000000000,   0.02400,
,,,-00.640000000000,   0.02000,
,,,-00.636000000000,   0.02400,
,,,-00.632000000000,   0.02400,
,,,-00.628000000000,   0.02400,
,,,-00.624000000000,   0.02400,
,,,-00.620000000000,   0.02400,
,,,-00.616000000000,   0.02400,
,,,-00.612000000000,   0.02400,
,,,-00.608000000000,   0.02000,
,,,-00.604000000000,   0.02400,
,,,-00.600000000000,   0.02400,
,,,-00.596000000000,   0.02400,
,,,-00.592000000000,   0.02400,
,,,-00.588000000000,   0.02400,
,,,-00.584000000000,   0.02000,
,,,-00.580000000000,   0.02400,
,,,-00.576000000000,   0.02000,
,,,-00.572000000000,   0.02400,
,,,-00.568000000000,   0.02400,
,,,-00.564000000000,   0.02400,
,,,-00.560000000000,   0.02400,
,,,-00.556000000000,   0.02400,
,,,-00.552000000000,   0.02400,
,,,-00.548000000000,   0.02000,
,,,-00.544000000000,   0.02400,
,,,-00.540000000000,   0.02400,
,,,-00.536000000000,   0.02400,
,,,-00.532000000000,   0.02400,
,,,-00.528000000000,   0.02400,
,,,-00.524000000000,   0.02400,
,,,-00.520000000000,   0.02400,
,,,-00.516000000000,   0.02400,
,,,-00.512000000000,   0.02400,
,,,-00.508000000000,   0.02000,
,,,-00.504000000000,   0.02000,
,,,-00.500000000000,   0.02400,
,,,-00.496000000000,   0.02400,
,,,-00.492000000000,   0.02400,
,,,-00.488000000000,   0.02400,
,,,-00.484000000000,   0.02400,
,,,-00.480000000000,   0.02400,
,,,-00.476000000000,   0.02400,
,,,-00.472000000000,   0.02400,
,,,-00.468000000000,   0.02400,
,,,-00.464000000000,   0.02400,
,,,-00.460000000000,   0.02400,
,,,-00.456000000000,   0.02400,
,,,-00.452000000000,   0.02400,
,,,-00.448000000000,   0.02000,
,,,-00.444000000000,   0.02000,
,,,-00.440000000000,   0.02400,
,,,-00.436000000000,   0.02400,
,,,-00.432000000000,   0.02400,
,,,-00.428000000000,   0.02400,
,,,-00.424000000000,   0.02400,
,,,-00.420000000000,   0.02400,
,,,-00.416000000000,   0.02400,
,,,-00.412000000000,   0.02400,
,,,-00.408000000000,   0.02400,
,,,-00.404000000000,   0.02400,
,,,-00.400000000000,   0.02000,
,,,-00.396000000000,   0.02400,
,,,-00.392000000000,   0.02400,
,,,-00.388000000000,   0.02400,
,,,-00.384000000000,   0.02400,
,,,-00.380000000000,   0.02400,
,,,-00.376000000000,   0.02000,
,,,-00.372000000000,   0.02400,
,,,-00.368000000000,   0.02400,
,,,-00.364000000000,   0.02000,
,,,-00.360000000000,   0.02000,
,,,-00.356000000000,   0.02400,
,,,-00.352000000000,   0.02400,
,,,-00.348000000000,   0.02400,
,,,-00.344000000000,   0.02400,
,,,-00.340000000000,   0.02000,
,,,-00.336000000000,   0.02400,
,,,-00.332000000000,   0.02400,
,,,-00.328000000000,   0.02400,
,,,-00.324000000000,   0.02400,
,,,-00.320000000000,   0.02400,
,,,-00.316000000000,   0.02400,
,,,-00.312000000000,   0.02400,
,,,-00.308000000000,   0.02400,
,,,-00.304000000000,   0.02000,
,,,-00.300000000000,   0.02400,
,,,-00.296000000000,   0.02000,
,,,-00.292000000000,   0.02400,
,,,-00.288000000000,   0.02000,
,,,-00.284000000000,   0.02400,
,,,-00.280000000000,   0.02400,
,,,-00.276000000000,   0.02400,
,,,-00.272000000000,   0.02400,
,,,-00.268000000000,   0.02400,
,,,-00.264000000000,   0.02400,
,,,-00.260000000000,   0.02400,
,,,-00.256000000000,   0.02400,
,,,-00.252000000000,   0.02000,
,,,-00.248000000000,   0.02400,
,,,-00.244000000000,   0.02400,
,,,-00.240000000000,   0.02400,
,,,-00.236000000000,   0.02400,
,,,-00.232000000000,   0.02400,
,,,-00.228000000000,   0.02400,
,,,-00.224000000000,   0.02000,
,,,-00.220000000000,   0.02000,
,,,-00.216000000000,   0.02400,
,,,-00.212000000000,   0.02400,
,,,-00.208000000000,   0.02400,
,,,-00.204000000000,   0.02000,
,,,-00.200000000000,   0.02400,
,,,-00.196000000000,   0.02400,
,,,-00.192000000000,   0.02000,
,,,-00.188000000000,   0.02400,
,,,-00.184000000000,   0.02000,
,,,-00.180000000000,   0.02400,
,,,-00.176000000000,   0.02400,
,,,-00.172000000000,   0.02400,
,,,-00.168000000000,   0.02400,
,,,-00.164000000000,   0.02400,
,,,-00.160000000000,   0.02000,
,,,-00.156000000000,   0.02400,
,,,-00.152000000000,   0.02000,
,,,-00.148000000000,   0.02000,
,,,-00.144000000000,   0.02000,
,,,-00.140000000000,   0.02000,
,,,-00.136000000000,   0.02400,
,,,-00.132000000000,   0.02400,
,,,-00.128000000000,   0.02400,
,,,-00.124000000000,   0.02400,
,,,-00.120000000000,   0.02400,
,,,-00.116000000000,   0.02000,
,,,-00.112000000000,   0.02400,
,,,-00.108000000000,   0.02000,
,,,-00.104000000000,   0.02400,
,,,-00.100000000000,   0.02400,
,,,-00.096000000000,   0.02400,
,,,-00.092000000000,   0.02400,
,,,-00.088000000000,   0.02400,
,,,-00.084000000000,   0.02400,
,,,-00.080000000000,   0.02400,
,,,-00.076000000000,   0.02400,
,,,-00.072000000000,   0.02400,
,,,-00.068000000000,   0.02400,
,,,-00.064000000000,   0.02400,
,,,-00.060000000000,   0.02000,
,,,-00.056000000000,   0.02400,
,,,-00.052000000000,   0.02400,
,,,-00.048000000000,   0.02400,
,,,-00.044000000000,   0.02400,
,,,-00.040000000000,   0.02400,
,,,-00.036000000000,   0.02000,
,,,-00.032000000000,   0.02400,
,,,-00.028000000000,   0.02000,
,,,-00.024000000000,   0.02000,
,,,-00.020000000000,   0.02000,
,,,-00.016000000000,   0.02000,
,,,-00.012000000000,   0.02400,
,,,-00.008000000000,   0.02400,
,,,-00.004000000000,   0.02000,
,,,-00.000000000000,   0.02800,
,,,00.004000000000,   0.02000,
,,,00.008000000000,   0.00000,
,,,00.012000000000,  -0.01200,
,,,00.016000000000,  -0.02400,
,,,00.020000000000,  -0.03600,
,,,00.024000000000,  -0.04000,
,,,00.028000000000,  -0.04000,
,,,00.032000000000,  -0.04400,
,,,00.036000000000,  -0.04000,
,,,00.040000000000,  -0.03200,
,,,00.044000000000,  -0.03200,
,,,00.048000000000,  -0.02400,
,,,00.052000000000,  -0.01600,
,,,00.056000000000,  -0.01200,
,,,00.060000000000,  -0.00400,
,,,00.064000000000,   0.00000,
,,,00.068000000000,   0.00800,
,,,00.072000000000,   0.01200,
,,,00.076000000000,   0.01600,
,,,00.080000000000,   0.02000,
,,,00.084000000000,   0.02000,
,,,00.088000000000,   0.02400,
,,,00.092000000000,   0.02400,
,,,00.096000000000,   0.02400,
,,,00.100000000000,   0.02400,
,,,00.104000000000,   0.02400,
,,,00.108000000000,   0.02400,
,,,00.112000000000,   0.02400,
,,,00.116000000000,   0.02400,
,,,00.120000000000,   0.02400,
,,,00.124000000000,   0.02400,
,,,00.128000000000,   0.02400,
,,,00.132000000000,   0.02400,
,,,00.136000000000,   0.01600,
,,,00.140000000000,   0.01600,
,,,00.144000000000,   0.01200,
,,,00.148000000000,   0.00400,
,,,00.152000000000,   0.00000,
,,,00.156000000000,  -0.00800,
,,,00.160000000000,  -0.01600,
,,,00.164000000000,  -0.02800,
,,,00.168000000000,  -0.04000,
,,,00.172000000000,  -0.04800,
,,,00.176000000000,  -0.04800,
,,,00.180000000000,  -0.05200,
,,,00.184000000000,  -0.05200,
,,,00.188000000000,  -0.04800,
,,,00.192000000000,  -0.04400,
,,,00.196000000000,  -0.03600,
,,,00.200000000000,  -0.03200,
,,,00.204000000000,  -0.02400,
,,,00.208000000000,  -0.01600,
,,,00.212000000000,  -0.01200,
,,,00.216000000000,  -0.00400,
,,,00.220000000000,   0.00000,
,,,00.224000000000,   0.00400,
,,,00.228000000000,   0.00800,
,,,00.232000000000,   0.01200,
,,,00.236000000000,   0.01600,
,,,00.240000000000,   0.02000,
,,,00.244000000000,   0.02000,
,,,00.248000000000,   0.02400,
,,,00.252000000000,   0.02400,
,,,00.256000000000,   0.02400,
,,,00.260000000000,   0.02400,
,,,00.264000000000,   0.02400,
,,,00.268000000000,   0.02400,
,,,00.272000000000,   0.02400,
,,,00.276000000000,   0.02800,
,,,00.280000000000,   0.02400,
,,,00.284000000000,   0.02400,
,,,00.288000000000,   0.02400,
,,,00.292000000000,   0.02400,
,,,00.296000000000,   0.02400,
,,,00.300000000000,   0.02400,
,,,00.304000000000,   0.02400,
,,,00.308000000000,   0.02400,
,,,00.312000000000,   0.02400,
,,,00.316000000000,   0.02400,
,,,00.320000000000,   0.02400,
,,,00.324000000000,   0.02400,
,,,00.328000000000,   0.02400,
,,,00.332000000000,   0.02400,
,,,00.336000000000,   0.02400,
,,,00.340000000000,   0.02400,
,,,00.344000000000,   0.02400,
,,,00.348000000000,   0.02400,
,,,00.352000000000,   0.02400,
,,,00.356000000000,   0.02400,
,,,00.360000000000,   0.02400,
,,,00.364000000000,   0.02400,
,,,00.368000000000,   0.02000,
,,,00.372000000000,   0.02400,
,,,00.376000000000,   0.02400,
,,,00.380000000000,   0.02400,
,,,00.384000000000,   0.02400,
,,,00.388000000000,   0.02400,
,,,00.392000000000,   0.02400,
,,,00.396000000000,   0.02400,
,,,00.400000000000,   0.02400,
,,,00.404000000000,   0.02400,
,,,00.408000000000,   0.02400,
,,,00.412000000000,   0.02400,
,,,00.416000000000,   0.02400,
,,,00.420000000000,   0.02400,
,,,00.424000000000,   0.02400,
,,,00.428000000000,   0.02400,
,,,00.432000000000,   0.02400,
,,,00.436000000000,   0.02400,
,,,00.440000000000,   0.02400,
,,,00.444000000000,   0.02400,
,,,00.448000000000,   0.02400,
,,,00.452000000000,   0.02400,
,,,00.456000000000,   0.02400,
,,,00.460000000000,   0.02400,
,,,00.464000000000,   0.02000,
,,,00.468000000000,   0.02400,
,,,00.472000000000,   0.02400,
,,,00.476000000000,   0.02400,
,,,00.480000000000,   0.02400,
,,,00.484000000000,   0.02400,
,,,00.488000000000,   0.02400,
,,,00.492000000000,   0.02000,
,,,00.496000000000,   0.02400,
,,,00.500000000000,   0.02400,
,,,00.504000000000,   0.02400,
,,,00.508000000000,   0.02400,
,,,00.512000000000,   0.02000,
,,,00.516000000000,   0.02400,
,,,00.520000000000,   0.02400,
,,,00.524000000000,   0.02000,
,,,00.528000000000,   0.02400,
,,,00.532000000000,   0.02400,
,,,00.536000000000,   0.02400,
,,,00.540000000000,   0.02400,
,,,00.544000000000,   0.02000,
,,,00.548000000000,   0.02000,
,,,00.552000000000,   0.02400,
,,,00.556000000000,   0.02400,
,,,00.560000000000,   0.02000,
,,,00.564000000000,   0.02000,
,,,00.568000000000,   0.02000,
,,,00.572000000000,   0.02000,
,,,00.576000000000,   0.02400,
,,,00.580000000000,   0.02400,
,,,00.584000000000,   0.02000,
,,,00.588000000000,   0.02000,
,,,00.592000000000,   0.02000,
,,,00.596000000000,   0.02000,
,,,00.600000000000,   0.02400,
,,,00.604000000000,   0.02000,
,,,00.608000000000,   0.02000,
,,,00.612000000000,   0.02000,
,,,00.616000000000,   0.02400,
,,,00.620000000000,   0.02400,
,,,00.624000000000,   0.02000,
,,,00.628000000000,   0.02000,
,,,00.632000000000,   0.02000,
,,,00.636000000000,   0.02000,
,,,00.640000000000,   0.02000,
,,,00.644000000000,   0.02000,
,,,00.648000000000,   0.01600,
,,,00.652000000000,   0.02000,
,,,00.656000000000,   0.01200,
,,,00.660000000000,   0.01200,
,,,00.664000000000,   0.00400,
,,,00.668000000000,   0.00000,
,,,00.672000000000,  -0.00400,
,,,00.676000000000,  -0.00800,
,,,00.680000000000,  -0.01200,
,,,00.684000000000,  -0.01600,
,,,00.688000000000,  -0.01200,
,,,00.692000000000,  -0.01200,
,,,00.696000000000,  -0.01200,
,,,00.700000000000,  -0.00800,
,,,00.704000000000,  -0.00800,
,,,00.708000000000,  -0.00400,
,,,00.712000000000,   0.00000,
,,,00.716000000000,   0.00400,
,,,00.720000000000,   0.00400,
,,,00.724000000000,   0.00800,
,,,00.728000000000,   0.01200,
,,,00.732000000000,   0.01200,
,,,00.736000000000,   0.01600,
,,,00.740000000000,   0.01600,
,,,00.744000000000,   0.01600,
,,,00.748000000000,   0.02000,
,,,00.752000000000,   0.02000,
,,,00.756000000000,   0.02000,
,,,00.760000000000,   0.02000,
,,,00.764000000000,   0.02000,
,,,00.768000000000,   0.02000,
,,,00.772000000000,   0.02000,
,,,00.776000000000,   0.02000,
,,,00.780000000000,   0.02000,
,,,00.784000000000,   0.02000,
,,,00.788000000000,   0.02400,
,,,00.792000000000,   0.02000,
,,,00.796000000000,   0.02000,
,,,00.800000000000,   0.02000,
,,,00.804000000000,   0.02000,
,,,00.808000000000,   0.02000,
,,,00.812000000000,   0.02000,
,,,00.816000000000,   0.02000,
,,,00.820000000000,   0.02000,
,,,00.824000000000,   0.02000,
,,,00.828000000000,   0.02000,
,,,00.832000000000,   0.02000,
,,,00.836000000000,   0.02000,
,,,00.840000000000,   0.02000,
,,,00.844000000000,   0.02000,
,,,00.848000000000,   0.02000,
,,,00.852000000000,   0.02000,
,,,00.856000000000,   0.01600,
,,,00.860000000000,   0.02000,
,,,00.864000000000,   0.02000,
,,,00.868000000000,   0.02000,
,,,00.872000000000,   0.02000,
,,,00.876000000000,   0.02000,
,,,00.880000000000,   0.02000,
,,,00.884000000000,   0.02000,
,,,00.888000000000,   0.02000,
,,,00.892000000000,   0.02000,
,,,00.896000000000,   0.01600,
,,,00.900000000000,   0.02000,
,,,00.904000000000,   0.02000,
,,,00.908000000000,   0.02000,
,,,00.912000000000,   0.01600,
,,,00.916000000000,   0.01600,
,,,00.920000000000,   0.01600,
,,,00.924000000000,   0.02000,
,,,00.928000000000,   0.01600,
,,,00.932000000000,   0.01600,
,,,00.936000000000,   0.01600,
,,,00.940000000000,   0.01600,
,,,00.944000000000,   0.01600,
,,,00.948000000000,   0.02000,
,,,00.952000000000,   0.01600,
,,,00.956000000000,   0.01600,
,,,00.960000000000,   0.01600,
,,,00.964000000000,   0.01600,
,,,00.968000000000,   0.01600,
,,,00.972000000000,   0.01600,
,,,00.976000000000,   0.01600,
,,,00.980000000000,   0.01600,
,,,00.984000000000,   0.01600,
,,,00.988000000000,   0.01600,
,,,00.992000000000,   0.01600,
,,,00.996000000000,   0.01600,
,,,01.000000000000,   0.01600,
,,,01.004000000000,   0.01600,
,,,01.008000000000,   0.01600,
,,,01.012000000000,   0.01600,
,,,01.016000000000,   0.01600,
,,,01.020000000000,   0.01600,
,,,01.024000000000,   0.01600,
,,,01.028000000000,   0.01600,
,,,01.032000000000,   0.01600,
,,,01.036000000000,   0.01200,
,,,01.040000000000,   0.01200,
,,,01.044000000000,   0.01600,
,,,01.048000000000,   0.01600,
,,,01.052000000000,   0.01200,
,,,01.056000000000,   0.01200,
,,,01.060000000000,   0.01200,
,,,01.064000000000,   0.01200,
,,,01.068000000000,   0.01600,
,,,01.072000000000,   0.01200,
,,,01.076000000000,   0.01200,
,,,01.080000000000,   0.01600,
,,,01.084000000000,   0.01200,
,,,01.088000000000,   0.01600,
,,,01.092000000000,   0.01200,
,,,01.096000000000,   0.01200,
,,,01.100000000000,   0.01200,
,,,01.104000000000,   0.01200,
,,,01.108000000000,   0.01200,
,,,01.112000000000,   0.01200,
,,,01.116000000000,   0.01200,
,,,01.120000000000,   0.01200,
,,,01.124000000000,   0.01200,
,,,01.128000000000,   0.00800,
,,,01.132000000000,   0.01200,
,,,01.136000000000,   0.00800,
,,,01.140000000000,   0.01200,
,,,01.144000000000,   0.01200,
,,,01.148000000000,   0.01200,
,,,01.152000000000,   0.00800,
,,,01.156000000000,   0.00800,
,,,01.160000000000,   0.00800,
,,,01.164000000000,   0.00800,
,,,01.168000000000,   0.00800,
,,,01.172000000000,   0.00800,
,,,01.176000000000,   0.00800,
,,,01.180000000000,   0.00800,
,,,01.184000000000,   0.00800,
,,,01.188000000000,   0.00800,
,,,01.192000000000,   0.00400,
,,,01.196000000000,   0.00800,
,,,01.200000000000,   0.00800,
,,,01.204000000000,   0.00400,
,,,01.208000000000,   0.00800,
,,,01.212000000000,   0.00800,
,,,01.216000000000,   0.00400,
,,,01.220000000000,   0.00400,
,,,01.224000000000,   0.00400,
,,,01.228000000000,   0.00400,
,,,01.232000000000,   0.00400,
,,,01.236000000000,   0.00400,
,,,01.240000000000,   0.00800,
,,,01.244000000000,   0.00000,
,,,01.248000000000,   0.00000,
,,,01.252000000000,   0.00400,
,,,01.256000000000,   0.00400,
,,,01.260000000000,   0.00000,
,,,01.264000000000,   0.00000,
,,,01.268000000000,   0.00000,
,,,01.272000000000,   0.00000,
,,,01.276000000000,   0.00000,
,,,01.280000000000,  -0.00400,
,,,01.284000000000,  -0.00400,
,,,01.288000000000,   0.00000,
,,,01.292000000000,  -0.00400,
,,,01.296000000000,  -0.00400,
,,,01.300000000000,  -0.00400,
,,,01.304000000000,  -0.00400,
,,,01.308000000000,  -0.00800,
,,,01.312000000000,  -0.00800,
,,,01.316000000000,  -0.00800,
,,,01.320000000000,  -0.00800,
,,,01.324000000000,  -0.00800,
,,,01.328000000000,  -0.00400,
,,,01.332000000000,  -0.01200,
,,,01.336000000000,  -0.00800,
,,,01.340000000000,  -0.00800,
,,,01.344000000000,  -0.01200,
,,,01.348000000000,  -0.01200,
,,,01.352000000000,  -0.01200,
,,,01.356000000000,  -0.01200,
,,,01.360000000000,  -0.01200,
,,,01.364000000000,  -0.01200,
,,,01.368000000000,  -0.01200,
,,,01.372000000000,  -0.01600,
,,,01.376000000000,  -0.01600,
,,,01.380000000000,  -0.01600,
,,,01.384000000000,  -0.01600,
,,,01.388000000000,  -0.01600,
,,,01.392000000000,  -0.02000,
,,,01.396000000000,  -0.02000,
,,,01.400000000000,  -0.01600,
,,,01.404000000000,  -0.02000,
,,,01.408000000000,  -0.02400,
,,,01.412000000000,  -0.02400,
,,,01.416000000000,  -0.02800,
,,,01.420000000000,  -0.02400,
,,,01.424000000000,  -0.02800,
,,,01.428000000000,  -0.02800,
,,,01.432000000000,  -0.02800,
,,,01.436000000000,  -0.03200,
,,,01.440000000000,  -0.03200,
,,,01.444000000000,  -0.03200,
,,,01.448000000000,  -0.03600,
,,,01.452000000000,  -0.03600,
,,,01.456000000000,  -0.04000,
,,,01.460000000000,  -0.04000,
,,,01.464000000000,  -0.04000,
,,,01.468000000000,  -0.04000,
,,,01.472000000000,  -0.04400,
,,,01.476000000000,  -0.04400,
,,,01.480000000000,  -0.04400,
,,,01.484000000000,  -0.04800,
,,,01.488000000000,  -0.04800,
,,,01.492000000000,  -0.04800,
,,,01.496000000000,  -0.05200,
,,,01.500000000000,  -0.05600,
,,,01.504000000000,  -0.05600,
,,,01.508000000000,  -0.05600,
,,,01.512000000000,  -0.06000,
,,,01.516000000000,  -0.06000,
,,,01.520000000000,  -0.06400,
,,,01.524000000000,  -0.06400,
,,,01.528000000000,  -0.06800,
,,,01.532000000000,  -0.06800,
,,,01.536000000000,  -0.07200,
,,,01.540000000000,  -0.07600,
,,,01.544000000000,  -0.07600,
,,,01.548000000000,  -0.08000,
,,,01.552000000000,  -0.08400,
,,,01.556000000000,  -0.08400,
,,,01.560000000000,  -0.08400,
,,,01.564000000000,  -0.08800,
,,,01.568000000000,  -0.08800,
,,,01.572000000000,  -0.09200,
,,,01.576000000000,  -0.09600,
,,,01.580000000000,  -0.10000,
,,,01.584000000000,  -0.10000,
,,,01.588000000000,  -0.10400,
,,,01.592000000000,  -0.10400,
,,,01.596000000000,  -0.11200,
,,,01.600000000000,  -0.11200,
,,,01.604000000000,  -0.11600,
,,,01.608000000000,  -0.12000,
,,,01.612000000000,  -0.12000,
,,,01.616000000000,  -0.12400,
,,,01.620000000000,  -0.12400,
,,,01.624000000000,  -0.12800,
,,,01.628000000000,  -0.12800,
,,,01.632000000000,  -0.13200,
,,,01.636000000000,  -0.13200,
,,,01.640000000000,  -0.13600,
,,,01.644000000000,  -0.14000,
,,,01.648000000000,  -0.13600,
,,,01.652000000000,  -0.14000,
,,,01.656000000000,  -0.14000,
,,,01.660000000000,  -0.14400,
,,,01.664000000000,  -0.14400,
,,,01.668000000000,  -0.14400,
,,,01.672000000000,  -0.14800,
,,,01.676000000000,  -0.14800,
,,,01.680000000000,  -0.14800,
,,,01.684000000000,  -0.14800,
,,,01.688000000000,  -0.14800,
,,,01.692000000000,  -0.14800,
,,,01.696000000000,  -0.14800,
,,,01.700000000000,  -0.14800,
,,,01.704000000000,  -0.14800,
,,,01.708000000000,  -0.14800,
,,,01.712000000000,  -0.14400,
,,,01.716000000000,  -0.14400,
,,,01.720000000000,  -0.14400,
,,,01.724000000000,  -0.14000,
,,,01.728000000000,  -0.14000,
,,,01.732000000000,  -0.14000,
,,,01.736000000000,  -0.13600,
,,,01.740000000000,  -0.13600,
,,,01.744000000000,  -0.13200,
,,,01.748000000000,  -0.12800,
,,,01.752000000000,  -0.12800,
,,,01.756000000000,  -0.12400,
,,,01.760000000000,  -0.12000,
,,,01.764000000000,  -0.12000,
,,,01.768000000000,  -0.11600,
,,,01.772000000000,  -0.11600,
,,,01.776000000000,  -0.11200,
,,,01.780000000000,  -0.10800,
,,,01.784000000000,  -0.10800,
,,,01.788000000000,  -0.10400,
,,,01.792000000000,  -0.10400,
,,,01.796000000000,  -0.09600,
,,,01.800000000000,  -0.09600,
,,,01.804000000000,  -0.09200,
,,,01.808000000000,  -0.09200,
,,,01.812000000000,  -0.08800,
,,,01.816000000000,  -0.08800,
,,,01.820000000000,  -0.08400,
,,,01.824000000000,  -0.08000,
,,,01.828000000000,  -0.07600,
,,,01.832000000000,  -0.07600,
,,,01.836000000000,  -0.07200,
,,,01.840000000000,  -0.07200,
,,,01.844000000000,  -0.06800,
,,,01.848000000000,  -0.06800,
,,,01.852000000000,  -0.06400,
,,,01.856000000000,  -0.06400,
,,,01.860000000000,  -0.06000,
,,,01.864000000000,  -0.05600,
,,,01.868000000000,  -0.05600,
,,,01.872000000000,  -0.05600,
,,,01.876000000000,  -0.05200,
,,,01.880000000000,  -0.05200,
,,,01.884000000000,  -0.05200,
,,,01.888000000000,  -0.05200,
,,,01.892000000000,  -0.04800,
,,,01.896000000000,  -0.04400,
,,,01.900000000000,  -0.04400,
,,,01.904000000000,  -0.04400,
,,,01.908000000000,  -0.04000,
,,,01.912000000000,  -0.04000,
,,,01.916000000000,  -0.03600,
,,,01.920000000000,  -0.03600,
,,,01.924000000000,  -0.03600,
,,,01.928000000000,  -0.03200,
,,,01.932000000000,  -0.03200,
,,,01.936000000000,  -0.03200,
,,,01.940000000000,  -0.03200,
,,,01.944000000000,  -0.02800,
,,,01.948000000000,  -0.02800,
,,,01.952000000000,  -0.02400,
,,,01.956000000000,  -0.02400,
,,,01.960000000000,  -0.02400,
,,,01.964000000000,  -0.02400,
,,,01.968000000000,  -0.02000,
,,,01.972000000000,  -0.02000,
,,,01.976000000000,  -0.02000,
,,,01.980000000000,  -0.02000,
,,,01.984000000000,  -0.02000,
,,,01.988000000000,  -0.01600,
,,,01.992000000000,  -0.01200,
,,,01.996000000000,  -0.01600,
,,,02.000000000000,  -0.01200,
,,,02.004000000000,  -0.01200,
,,,02.008000000000,  -0.01200,
,,,02.012000000000,  -0.01200,
,,,02.016000000000,  -0.01200,
,,,02.020000000000,  -0.01200,
,,,02.024000000000,  -0.01200,
,,,02.028000000000,  -0.00800,
,,,02.032000000000,  -0.00800,
,,,02.036000000000,  -0.00800,
,,,02.040000000000,  -0.00800,
,,,02.044000000000,  -0.00800,
,,,02.048000000000,  -0.00800,
,,,02.052000000000,  -0.00800,
,,,02.056000000000,  -0.00400,
,,,02.060000000000,  -0.00400,
,,,02.064000000000,  -0.00400,
,,,02.068000000000,  -0.00400,
,,,02.072000000000,  -0.00400,
,,,02.076000000000,  -0.00400,
,,,02.080000000000,  -0.00400,
,,,02.084000000000,  -0.00400,
,,,02.088000000000,  -0.00400,
,,,02.092000000000,  -0.00400,
,,,02.096000000000,   0.00000,
,,,02.100000000000,   0.00000,
,,,02.104000000000,   0.00000,
,,,02.108000000000,   0.00000,
,,,02.112000000000,   0.00400,
,,,02.116000000000,   0.00400,
,,,02.120000000000,   0.00000,
,,,02.124000000000,   0.00000,
,,,02.128000000000,   0.00400,
,,,02.132000000000,   0.00400,
,,,02.136000000000,   0.00000,
,,,02.140000000000,   0.00400,
,,,02.144000000000,   0.00400,
,,,02.148000000000,   0.00400,
,,,02.152000000000,   0.00400,
,,,02.156000000000,   0.00400,
,,,02.160000000000,   0.00400,
,,,02.164000000000,   0.00400,
,,,02.168000000000,   0.00800,
,,,02.172000000000,   0.00400,
,,,02.176000000000,   0.00400,
,,,02.180000000000,   0.00800,
,,,02.184000000000,   0.00400,
,,,02.188000000000,   0.00800,
,,,02.192000000000,   0.00800,
,,,02.196000000000,   0.00800,
,,,02.200000000000,   0.00800,
,,,02.204000000000,   0.00800,
,,,02.208000000000,   0.00800,
,,,02.212000000000,   0.00800,
,,,02.216000000000,   0.00800,
,,,02.220000000000,   0.00800,
,,,02.224000000000,   0.00800,
,,,02.228000000000,   0.00800,
,,,02.232000000000,   0.01200,
,,,02.236000000000,   0.00800,
,,,02.240000000000,   0.00800,
,,,02.244000000000,   0.00800,
,,,02.248000000000,   0.00800,
,,,02.252000000000,   0.01200,
,,,02.256000000000,   0.01200,
,,,02.260000000000,   0.01200,
,,,02.264000000000,   0.01200,
,,,02.268000000000,   0.01200,
,,,02.272000000000,   0.01200,
,,,02.276000000000,   0.01200,
,,,02.280000000000,   0.01200,
,,,02.284000000000,   0.01200,
,,,02.288000000000,   0.01200,
,,,02.292000000000,   0.01200,
,,,02.296000000000,   0.01200,
,,,02.300000000000,   0.01600,
,,,02.304000000000,   0.01200,
,,,02.308000000000,   0.01200,
,,,02.312000000000,   0.01200,
,,,02.316000000000,   0.01200,
,,,02.320000000000,   0.01200,
,,,02.324000000000,   0.01200,
,,,02.328000000000,   0.01200,
,,,02.332000000000,   0.01600,
,,,02.336000000000,   0.01200,
,,,02.340000000000,   0.01200,
,,,02.344000000000,   0.01200,
,,,02.348000000000,   0.01200,
,,,02.352000000000,   0.01200,
,,,02.356000000000,   0.01600,
,,,02.360000000000,   0.01600,
,,,02.364000000000,   0.01600,
,,,02.368000000000,   0.01600,
,,,02.372000000000,   0.01600,
,,,02.376000000000,   0.01600,
,,,02.380000000000,   0.01600,
,,,02.384000000000,   0.01600,
,,,02.388000000000,   0.01600,
,,,02.392000000000,   0.01600,
,,,02.396000000000,   0.01600,
,,,02.400000000000,   0.01600,
,,,02.404000000000,   0.01600,
,,,02.408000000000,   0.01600,
,,,02.412000000000,   0.01600,
,,,02.416000000000,   0.01600,
,,,02.420000000000,   0.01600,
,,,02.424000000000,   0.01600,
,,,02.428000000000,   0.01600,
,,,02.432000000000,   0.01600,
,,,02.436000000000,   0.01600,
,,,02.440000000000,   0.01600,
,,,02.444000000000,   0.01600,
,,,02.448000000000,   0.01600,
,,,02.452000000000,   0.01600,
,,,02.456000000000,   0.01600,
,,,02.460000000000,   0.01600,
,,,02.464000000000,   0.01600,
,,,02.468000000000,   0.01600,
,,,02.472000000000,   0.01600,
,,,02.476000000000,   0.01600,
,,,02.480000000000,   0.02000,
,,,02.484000000000,   0.02000,
,,,02.488000000000,   0.01600,
,,,02.492000000000,   0.01600,
,,,02.496000000000,   0.01600,
,,,02.500000000000,   0.01600,
,,,02.504000000000,   0.01600,
,,,02.508000000000,   0.01600,
,,,02.512000000000,   0.02000,
,,,02.516000000000,   0.02000,
,,,02.520000000000,   0.02000,
,,,02.524000000000,   0.01600,
,,,02.528000000000,   0.01600,
,,,02.532000000000,   0.02000,
,,,02.536000000000,   0.02000,
,,,02.540000000000,   0.01600,
,,,02.544000000000,   0.02000,
,,,02.548000000000,   0.01600,
,,,02.552000000000,   0.02000,
,,,02.556000000000,   0.02000,
,,,02.560000000000,   0.02000,
,,,02.564000000000,   0.01600,
,,,02.568000000000,   0.02000,
,,,02.572000000000,   0.01600,
,,,02.576000000000,   0.02000,
,,,02.580000000000,   0.01600,
,,,02.584000000000,   0.01600,
,,,02.588000000000,   0.02000,
,,,02.592000000000,   0.02000,
,,,02.596000000000,   0.02000,
,,,02.600000000000,   0.02000,
,,,02.604000000000,   0.02000,
,,,02.608000000000,   0.01600,
,,,02.612000000000,   0.02000,
,,,02.616000000000,   0.01600,
,,,02.620000000000,   0.01600,
,,,02.624000000000,   0.01600,
,,,02.628000000000,   0.02000,
,,,02.632000000000,   0.01600,
,,,02.636000000000,   0.02000,
,,,02.640000000000,   0.01600,
,,,02.644000000000,   0.01600,
,,,02.648000000000,   0.01600,
,,,02.652000000000,   0.01200,
,,,02.656000000000,   0.01200,
,,,02.660000000000,   0.01200,
,,,02.664000000000,   0.00400,
,,,02.668000000000,   0.00000,
,,,02.672000000000,  -0.00400,
,,,02.676000000000,  -0.00800,
,,,02.680000000000,  -0.01200,
,,,02.684000000000,  -0.01200,
,,,02.688000000000,  -0.01600,
,,,02.692000000000,  -0.01200,
,,,02.696000000000,  -0.01600,
,,,02.700000000000,  -0.01200,
,,,02.704000000000,  -0.00800,
,,,02.708000000000,  -0.00400,
,,,02.712000000000,   0.00000,
,,,02.716000000000,   0.00400,
,,,02.720000000000,   0.00400,
,,,02.724000000000,   0.00800,
,,,02.728000000000,   0.00800,
,,,02.732000000000,   0.01200,
,,,02.736000000000,   0.01200,
,,,02.740000000000,   0.01600,
,,,02.744000000000,   0.02000,
,,,02.748000000000,   0.02000,
,,,02.752000000000,   0.02000,
,,,02.756000000000,   0.02000,
,,,02.760000000000,   0.02000,
,,,02.764000000000,   0.02000,
,,,02.768000000000,   0.02000,
,,,02.772000000000,   0.02400,
,,,02.776000000000,   0.02000,
,,,02.780000000000,   0.02000,
,,,02.784000000000,   0.02400,
,,,02.788000000000,   0.02000,
,,,02.792000000000,   0.02000,
,,,02.796000000000,   0.02000,
,,,02.800000000000,   0.02000,
,,,02.804000000000,   0.02000,
,,,02.808000000000,   0.02000,
,,,02.812000000000,   0.02000,
,,,02.816000000000,   0.02000,
,,,02.820000000000,   0.02000,
,,,02.824000000000,   0.02000,
,,,02.828000000000,   0.02000,
,,,02.832000000000,   0.02000,
,,,02.836000000000,   0.02000,
,,,02.840000000000,   0.02000,
,,,02.844000000000,   0.02000,
,,,02.848000000000,   0.02000,
,,,02.852000000000,   0.02000,
,,,02.856000000000,   0.02000,
,,,02.860000000000,   0.02000,
,,,02.864000000000,   0.02000,
,,,02.868000000000,   0.02000,
,,,02.872000000000,   0.02000,
,,,02.876000000000,   0.02000,
,,,02.880000000000,   0.02400,
,,,02.884000000000,   0.02000,
,,,02.888000000000,   0.02000,
,,,02.892000000000,   0.02000,
,,,02.896000000000,   0.02400,
,,,02.900000000000,   0.02000,
,,,02.904000000000,   0.02000,
,,,02.908000000000,   0.02000,
,,,02.912000000000,   0.02000,
,,,02.916000000000,   0.02000,
,,,02.920000000000,   0.02000,
,,,02.924000000000,   0.02400,
,,,02.928000000000,   0.02000,
,,,02.932000000000,   0.02000,
,,,02.936000000000,   0.02000,
,,,02.940000000000,   0.02400,
,,,02.944000000000,   0.02400,
,,,02.948000000000,   0.02000,
,,,02.952000000000,   0.02000,
,,,02.956000000000,   0.02000,
,,,02.960000000000,   0.02000,
,,,02.964000000000,   0.02000,
,,,02.968000000000,   0.02000,
,,,02.972000000000,   0.02000,
,,,02.976000000000,   0.02400,
,,,02.980000000000,   0.02000,
,,,02.984000000000,   0.02000,
,,,02.988000000000,   0.02400,
,,,02.992000000000,   0.02000,
,,,02.996000000000,   0.02000,
,,,03.000000000000,   0.02400,
,,,03.004000000000,   0.02000,
,,,03.008000000000,   0.02000,
,,,03.012000000000,   0.02000,
,,,03.016000000000,   0.02000,
,,,03.020000000000,   0.02000,
,,,03.024000000000,   0.02000,
,,,03.028000000000,   0.02000,
,,,03.032000000000,   0.02000,
,,,03.036000000000,   0.02000,
,,,03.040000000000,   0.02400,
,,,03.044000000000,   0.02000,
,,,03.048000000000,   0.02000,
,,,03.052000000000,   0.02400,
,,,03.056000000000,   0.02400,
,,,03.060000000000,   0.02000,
,,,03.064000000000,   0.02000,
,,,03.068000000000,   0.02000,
,,,03.072000000000,   0.02000,
,,,03.076000000000,   0.02000,
,,,03.080000000000,   0.02400,
,,,03.084000000000,   0.02000,
,,,03.088000000000,   0.02000,
,,,03.092000000000,   0.02400,
,,,03.096000000000,   0.02000,
,,,03.100000000000,   0.02000,
,,,03.104000000000,   0.02000,
,,,03.108000000000,   0.02000,
,,,03.112000000000,   0.02000,
,,,03.116000000000,   0.02000,
,,,03.120000000000,   0.01600,
,,,03.124000000000,   0.02000,
,,,03.128000000000,   0.02000,
,,,03.132000000000,   0.02000,
,,,03.136000000000,   0.01600,
,,,03.140000000000,   0.01600,
,,,03.144000000000,   0.01600,
,,,03.148000000000,   0.01600,
,,,03.152000000000,   0.01600,
,,,03.156000000000,   0.01600,
,,,03.160000000000,   0.01200,
,,,03.164000000000,   0.00800,
,,,03.168000000000,   0.00000,
,,,03.172000000000,  -0.00800,
,,,03.176000000000,  -0.02000,
,,,03.180000000000,  -0.02800,
,,,03.184000000000,  -0.03600,
,,,03.188000000000,  -0.04800,
,,,03.192000000000,  -0.05200,
,,,03.196000000000,  -0.05200,
,,,03.200000000000,  -0.05200,
,,,03.204000000000,  -0.05200,
,,,03.208000000000,  -0.04400,
,,,03.212000000000,  -0.04000,
,,,03.216000000000,  -0.03200,
,,,03.220000000000,  -0.02800,
,,,03.224000000000,  -0.02000,
,,,03.228000000000,  -0.01600,
,,,03.232000000000,  -0.00800,
,,,03.236000000000,  -0.00400,
,,,03.240000000000,   0.00400,
,,,03.244000000000,   0.00800,
,,,03.248000000000,   0.01200,
,,,03.252000000000,   0.01600,
,,,03.256000000000,   0.01600,
,,,03.260000000000,   0.01600,
,,,03.264000000000,   0.02000,
,,,03.268000000000,   0.02000,
,,,03.272000000000,   0.02000,
,,,03.276000000000,   0.02000,
,,,03.280000000000,   0.02400,
,,,03.284000000000,   0.02400,
,,,03.288000000000,   0.02000,
,,,03.292000000000,   0.02000,
,,,03.296000000000,   0.02000,
,,,03.300000000000,   0.02000,
,,,03.304000000000,   0.02400,
,,,03.308000000000,   0.02400,
,,,03.312000000000,   0.02400,
,,,03.316000000000,   0.02400,
,,,03.320000000000,   0.02000,
,,,03.324000000000,   0.02400,
,,,03.328000000000,   0.02000,
,,,03.332000000000,   0.02000,
,,,03.336000000000,   0.02000,
,,,03.340000000000,   0.02400,
,,,03.344000000000,   0.02000,
,,,03.348000000000,   0.02400,
,,,03.352000000000,   0.02400,
,,,03.356000000000,   0.02000,
,,,03.360000000000,   0.02000,
,,,03.364000000000,   0.02400,
,,,03.368000000000,   0.02400,
,,,03.372000000000,   0.02400,
,,,03.376000000000,   0.02400,
,,,03.380000000000,   0.02000,
,,,03.384000000000,   0.02400,
,,,03.388000000000,   0.02400,
,,,03.392000000000,   0.02000,
,,,03.396000000000,   0.02400,
,,,03.400000000000,   0.02400,
,,,03.404000000000,   0.02400,
,,,03.408000000000,   0.02400,
,,,03.412000000000,   0.02000,
,,,03.416000000000,   0.02400,
,,,03.420000000000,   0.02400,
,,,03.424000000000,   0.02000,
,,,03.428000000000,   0.02400,
,,,03.432000000000,   0.02000,
,,,03.436000000000,   0.02000,
,,,03.440000000000,   0.02400,
,,,03.444000000000,   0.02400,
,,,03.448000000000,   0.02400,
,,,03.452000000000,   0.02000,
,,,03.456000000000,   0.02400,
,,,03.460000000000,   0.02400,
,,,03.464000000000,   0.02400,
,,,03.468000000000,   0.02400,
,,,03.472000000000,   0.02400,
,,,03.476000000000,   0.02000,
,,,03.480000000000,   0.02400,
,,,03.484000000000,   0.02400,
,,,03.488000000000,   0.02000,
,,,03.492000000000,   0.02400,
,,,03.496000000000,   0.02000,
,,,03.500000000000,   0.02400,
,,,03.504000000000,   0.02000,
,,,03.508000000000,   0.02000,
,,,03.512000000000,   0.02000,
,,,03.516000000000,   0.02400,
,,,03.520000000000,   0.02400,
,,,03.524000000000,   0.02400,
,,,03.528000000000,   0.02400,
,,,03.532000000000,   0.02000,
,,,03.536000000000,   0.02400,
,,,03.540000000000,   0.02000,
,,,03.544000000000,   0.02400,
,,,03.548000000000,   0.02400,
,,,03.552000000000,   0.02400,
,,,03.556000000000,   0.02400,
,,,03.560000000000,   0.02000,
,,,03.564000000000,   0.02400,
,,,03.568000000000,   0.02400,
,,,03.572000000000,   0.02400,
,,,03.576000000000,   0.02400,
,,,03.580000000000,   0.02400,
,,,03.584000000000,   0.02400,
,,,03.588000000000,   0.02400,
,,,03.592000000000,   0.02400,
,,,03.596000000000,   0.02400,
,,,03.600000000000,   0.02400,
,,,03.604000000000,   0.02000,
,,,03.608000000000,   0.02400,
,,,03.612000000000,   0.02400,
,,,03.616000000000,   0.02400,
,,,03.620000000000,   0.02400,
,,,03.624000000000,   0.02400,
,,,03.628000000000,   0.02400,
,,,03.632000000000,   0.02000,
,,,03.636000000000,   0.02400,
,,,03.640000000000,   0.02000,
,,,03.644000000000,   0.02400,
,,,03.648000000000,   0.02000,
,,,03.652000000000,   0.02400,
,,,03.656000000000,   0.02400,
,,,03.660000000000,   0.02000,
,,,03.664000000000,   0.02400,
,,,03.668000000000,   0.02400,
,,,03.672000000000,   0.02400,
,,,03.676000000000,   0.02000,
,,,03.680000000000,   0.02400,
,,,03.684000000000,   0.02400,
,,,03.688000000000,   0.02000,
,,,03.692000000000,   0.02400,
,,,03.696000000000,   0.02400,
,,,03.700000000000,   0.02000,
,,,03.704000000000,   0.02400,
,,,03.708000000000,   0.02000,
,,,03.712000000000,   0.02400,
,,,03.716000000000,   0.02400,
,,,03.720000000000,   0.02000,
,,,03.724000000000,   0.02400,
,,,03.728000000000,   0.02400,
,,,03.732000000000,   0.02000,
,,,03.736000000000,   0.02000,
,,,03.740000000000,   0.02000,
,,,03.744000000000,   0.02000,
,,,03.748000000000,   0.02000,
,,,03.752000000000,   0.02400,
,,,03.756000000000,   0.02400,
,,,03.760000000000,   0.02400,
,,,03.764000000000,   0.02000,
,,,03.768000000000,   0.02400,
,,,03.772000000000,   0.02400,
,,,03.776000000000,   0.02400,
,,,03.780000000000,   0.02400,
,,,03.784000000000,   0.02400,
,,,03.788000000000,   0.02000,
,,,03.792000000000,   0.02400,
,,,03.796000000000,   0.02000,
,,,03.800000000000,   0.02000,
,,,03.804000000000,   0.02000,
,,,03.808000000000,   0.02400,
,,,03.812000000000,   0.02000,
,,,03.816000000000,   0.02400,
,,,03.820000000000,   0.02000,
,,,03.824000000000,   0.02400,
,,,03.828000000000,   0.02400,
,,,03.832000000000,   0.02000,
,,,03.836000000000,   0.02400,
,,,03.840000000000,   0.02400,
,,,03.844000000000,   0.02400,
,,,03.848000000000,   0.02400,
,,,03.852000000000,   0.02400,
,,,03.856000000000,   0.02000,
,,,03.860000000000,   0.02400,
,,,03.864000000000,   0.02400,
,,,03.868000000000,   0.02400,
,,,03.872000000000,   0.02000,
,,,03.876000000000,   0.02000,
,,,03.880000000000,   0.02400,
,,,03.884000000000,   0.02000,
,,,03.888000000000,   0.02400,
,,,03.892000000000,   0.02000,
,,,03.896000000000,   0.02400,
,,,03.900000000000,   0.02400,
,,,03.904000000000,   0.02400,
,,,03.908000000000,   0.02000,
,,,03.912000000000,   0.02400,
,,,03.916000000000,   0.02400,
,,,03.920000000000,   0.02400,
,,,03.924000000000,   0.02400,
,,,03.928000000000,   0.02400,
,,,03.932000000000,   0.02400,
,,,03.936000000000,   0.02000,
,,,03.940000000000,   0.02400,
,,,03.944000000000,   0.02400,
,,,03.948000000000,   0.02400,
,,,03.952000000000,   0.02400,
,,,03.956000000000,   0.02400,
,,,03.960000000000,   0.02000,
,,,03.964000000000,   0.02000,
,,,03.968000000000,   0.02400,
,,,03.972000000000,   0.02400,
,,,03.976000000000,   0.02000,
,,,03.980000000000,   0.02400,
,,,03.984000000000,   0.02400,
,,,03.988000000000,   0.02400,
,,,03.992000000000,   0.02000,
,,,03.996000000000,   0.02400,
,,,04.000000000000,   0.02400,
,,,04.004000000000,   0.02400,
,,,04.008000000000,   0.02000,
,,,04.012000000000,   0.02400,
,,,04.016000000000,   0.02400,
,,,04.020000000000,   0.02400,
,,,04.024000000000,   0.02000,
,,,04.028000000000,   0.02400,
,,,04.032000000000,   0.02400,
,,,04.036000000000,   0.02000,
,,,04.040000000000,   0.02400,
,,,04.044000000000,   0.02000,
,,,04.048000000000,   0.02400,
,,,04.052000000000,   0.02000,
,,,04.056000000000,   0.02400,
,,,04.060000000000,   0.02400,
,,,04.064000000000,   0.02000,
,,,04.068000000000,   0.02800,
,,,04.072000000000,   0.02400,
,,,04.076000000000,   0.02400,
,,,04.080000000000,   0.02400,
,,,04.084000000000,   0.02400,
,,,04.088000000000,   0.02400,
,,,04.092000000000,   0.02400,
,,,04.096000000000,   0.02400,
,,,04.100000000000,   0.02000,
,,,04.104000000000,   0.02400,
,,,04.108000000000,   0.02400,
,,,04.112000000000,   0.02400,
,,,04.116000000000,   0.02400,
,,,04.120000000000,   0.02400,
,,,04.124000000000,   0.02000,
,,,04.128000000000,   0.02400,
,,,04.132000000000,   0.02400,
,,,04.136000000000,   0.02400,
,,,04.140000000000,   0.02000,
,,,04.144000000000,   0.02400,
,,,04.148000000000,   0.02000,
,,,04.152000000000,   0.02400,
,,,04.156000000000,   0.02400,
,,,04.160000000000,   0.02400,
,,,04.164000000000,   0.02000,
,,,04.168000000000,   0.02400,
,,,04.172000000000,   0.02400,
,,,04.176000000000,   0.02000,
,,,04.180000000000,   0.02400,
,,,04.184000000000,   0.02400,
,,,04.188000000000,   0.02400,
,,,04.192000000000,   0.02400,
,,,04.196000000000,   0.02400,
,,,04.200000000000,   0.02400,
,,,04.204000000000,   0.02000,
,,,04.208000000000,   0.02400,
,,,04.212000000000,   0.02400,
,,,04.216000000000,   0.02400,
,,,04.220000000000,   0.02400,
,,,04.224000000000,   0.02000,
,,,04.228000000000,   0.02400,
,,,04.232000000000,   0.02000,
,,,04.236000000000,   0.02400,
,,,04.240000000000,   0.02400,
,,,04.244000000000,   0.02400,
,,,04.248000000000,   0.02000,
,,,04.252000000000,   0.02400,
,,,04.256000000000,   0.02000,
,,,04.260000000000,   0.02000,
,,,04.264000000000,   0.02000,
,,,04.268000000000,   0.02400,
,,,04.272000000000,   0.02400,
,,,04.276000000000,   0.02000,
,,,04.280000000000,   0.02000,
,,,04.284000000000,   0.02000,
,,,04.288000000000,   0.02400,
,,,04.292000000000,   0.02400,
,,,04.296000000000,   0.02000,
,,,04.300000000000,   0.02400,
,,,04.304000000000,   0.02000,
,,,04.308000000000,   0.02000,
,,,04.312000000000,   0.02400,
,,,04.316000000000,   0.02400,
,,,04.320000000000,   0.02000,
,,,04.324000000000,   0.02400,
,,,04.328000000000,   0.02400,
,,,04.332000000000,   0.02400,
,,,04.336000000000,   0.02400,
,,,04.340000000000,   0.02000,
,,,04.344000000000,   0.02400,
,,,04.348000000000,   0.02400,
,,,04.352000000000,   0.02400,
,,,04.356000000000,   0.02000,
,,,04.360000000000,   0.02400,
,,,04.364000000000,   0.02000,
,,,04.368000000000,   0.02400,
,,,04.372000000000,   0.02400,
,,,04.376000000000,   0.02000,
,,,04.380000000000,   0.02400,
,,,04.384000000000,   0.02400,
,,,04.388000000000,   0.02400,
,,,04.392000000000,   0.02400,
,,,04.396000000000,   0.02000,
,,,04.400000000000,   0.02400,
,,,04.404000000000,   0.02000,
,,,04.408000000000,   0.02000,
,,,04.412000000000,   0.02400,
,,,04.416000000000,   0.02400,
,,,04.420000000000,   0.02400,
,,,04.424000000000,   0.02400,
,,,04.428000000000,   0.02000,
,,,04.432000000000,   0.02400,
,,,04.436000000000,   0.02000,
,,,04.440000000000,   0.02400,
,,,04.444000000000,   0.02000,
,,,04.448000000000,   0.02000,
,,,04.452000000000,   0.02400,
,,,04.456000000000,   0.02400,
,,,04.460000000000,   0.02400,
,,,04.464000000000,   0.02400,
,,,04.468000000000,   0.02400,
,,,04.472000000000,   0.02400,
,,,04.476000000000,   0.02400,
,,,04.480000000000,   0.02400,
,,,04.484000000000,   0.02400,
,,,04.488000000000,   0.02000,
,,,04.492000000000,   0.02000,
,,,04.496000000000,   0.02000,
,,,04.500000000000,   0.02400,
,,,04.504000000000,   0.02400,
,,,04.508000000000,   0.02000,
,,,04.512000000000,   0.02000,
,,,04.516000000000,   0.02000,
,,,04.520000000000,   0.02400,
,,,04.524000000000,   0.02000,
,,,04.528000000000,   0.02400,
,,,04.532000000000,   0.02400,
,,,04.536000000000,   0.02400,
,,,04.540000000000,   0.02400,
,,,04.544000000000,   0.02000,
,,,04.548000000000,   0.02000,
,,,04.552000000000,   0.02400,
,,,04.556000000000,   0.02400,
,,,04.560000000000,   0.02400,
,,,04.564000000000,   0.02400,
,,,04.568000000000,   0.02400,
,,,04.572000000000,   0.02000,
,,,04.576000000000,   0.02400,
,,,04.580000000000,   0.02400,
,,,04.584000000000,   0.02400,
,,,04.588000000000,   0.02400,
,,,04.592000000000,   0.02400,
,,,04.596000000000,   0.02000,
,,,04.600000000000,   0.02400,
,,,04.604000000000,   0.02400,
,,,04.608000000000,   0.02400,
,,,04.612000000000,   0.02400,
,,,04.616000000000,   0.02400,
,,,04.620000000000,   0.02400,
,,,04.624000000000,   0.02400,
,,,04.628000000000,   0.02400,
,,,04.632000000000,   0.02400,
,,,04.636000000000,   0.02000,
,,,04.640000000000,   0.02400,
,,,04.644000000000,   0.02000,
,,,04.648000000000,   0.02400,
,,,04.652000000000,   0.02000,
,,,04.656000000000,   0.02000,
,,,04.660000000000,   0.02400,
,,,04.664000000000,   0.02400,
,,,04.668000000000,   0.02400,
,,,04.672000000000,   0.02400,
,,,04.676000000000,   0.02400,
,,,04.680000000000,   0.02400,
,,,04.684000000000,   0.02400,
,,,04.688000000000,   0.02400,
,,,04.692000000000,   0.02400,
,,,04.696000000000,   0.02000,
,,,04.700000000000,   0.02400,
,,,04.704000000000,   0.02400,
,,,04.708000000000,   0.02000,
,,,04.712000000000,   0.02000,
,,,04.716000000000,   0.02400,
,,,04.720000000000,   0.02400,
,,,04.724000000000,   0.02000,
,,,04.728000000000,   0.02400,
,,,04.732000000000,   0.02000,
,,,04.736000000000,   0.02000,
,,,04.740000000000,   0.02400,
,,,04.744000000000,   0.02400,
,,,04.748000000000,   0.02000,
,,,04.752000000000,   0.02000,
,,,04.756000000000,   0.02400,
,,,04.760000000000,   0.02400,
,,,04.764000000000,   0.02000,
,,,04.768000000000,   0.02000,
,,,04.772000000000,   0.02400,
,,,04.776000000000,   0.02400,
,,,04.780000000000,   0.02400,
,,,04.784000000000,   0.02000,
,,,04.788000000000,   0.02400,
,,,04.792000000000,   0.02400,
,,,04.796000000000,   0.02400,
,,,04.800000000000,   0.02400,
,,,04.804000000000,   0.02400,
,,,04.808000000000,   0.02000,
,,,04.812000000000,   0.02000,
,,,04.816000000000,   0.02000,
,,,04.820000000000,   0.02400,
,,,04.824000000000,   0.02000,
,,,04.828000000000,   0.02400,
,,,04.832000000000,   0.02000,
,,,04.836000000000,   0.02400,
,,,04.840000000000,   0.02000,
,,,04.844000000000,   0.02000,
,,,04.848000000000,   0.02400,
,,,04.852000000000,   0.02000,
,,,04.856000000000,   0.02000,
,,,04.860000000000,   0.02400,
,,,04.864000000000,   0.02400,
,,,04.868000000000,   0.02000,
,,,04.872000000000,   0.02400,
,,,04.876000000000,   0.02000,
,,,04.880000000000,   0.02400,
,,,04.884000000000,   0.02000,
,,,04.888000000000,   0.02400,
,,,04.892000000000,   0.02400,
,,,04.896000000000,   0.02000,
,,,04.900000000000,   0.02400,
,,,04.904000000000,   0.02400,
,,,04.908000000000,   0.02400,
,,,04.912000000000,   0.02400,
,,,04.916000000000,   0.02400,
,,,04.920000000000,   0.02400,
,,,04.924000000000,   0.02400,
,,,04.928000000000,   0.02400,
,,,04.932000000000,   0.02400,
,,,04.936000000000,   0.02000,
,,,04.940000000000,   0.02400,
,,,04.944000000000,   0.02000,
,,,04.948000000000,   0.02400,
,,,04.952000000000,   0.02400,
,,,04.956000000000,   0.02000,
,,,04.960000000000,   0.02400,
,,,04.964000000000,   0.02400,
,,,04.968000000000,   0.02400,
,,,04.972000000000,   0.02400,
,,,04.976000000000,   0.02400,
,,,04.980000000000,   0.02400,
,,,04.984000000000,   0.02000,
,,,04.988000000000,   0.02400,
,,,04.992000000000,   0.02000,
,,,04.996000000000,   0.02400,
,,,05.000000000000,   0.02000,
,,,05.004000000000,   0.02400,
,,,05.008000000000,   0.02400,
,,,05.012000000000,   0.02400,
,,,05.016000000000,   0.02400,
,,,05.020000000000,   0.02000,
,,,05.024000000000,   0.02000,
,,,05.028000000000,   0.02400,
,,,05.032000000000,   0.02400,
,,,05.036000000000,   0.02000,
,,,05.040000000000,   0.02400,
,,,05.044000000000,   0.02400,
,,,05.048000000000,   0.02000,
,,,05.052000000000,   0.02000,
,,,05.056000000000,   0.02400,
,,,05.060000000000,   0.02400,
,,,05.064000000000,   0.02400,
,,,05.068000000000,   0.02000,
,,,05.072000000000,   0.02400,
,,,05.076000000000,   0.02400,
,,,05.080000000000,   0.02000,
,,,05.084000000000,   0.02400,
,,,05.088000000000,   0.02400,
,,,05.092000000000,   0.02000,
,,,05.096000000000,   0.02000,
,,,05.100000000000,   0.02000,
,,,05.104000000000,   0.02000,
,,,05.108000000000,   0.02000,
,,,05.112000000000,   0.02000,
,,,05.116000000000,   0.02000,
,,,05.120000000000,   0.02400,
,,,05.124000000000,   0.02400,
,,,05.128000000000,   0.02400,
,,,05.132000000000,   0.02000,
,,,05.136000000000,   0.02000,
,,,05.140000000000,   0.02000,
,,,05.144000000000,   0.02000,
,,,05.148000000000,   0.02400,
,,,05.152000000000,   0.02000,
,,,05.156000000000,   0.02400,
,,,05.160000000000,   0.02400,
,,,05.164000000000,   0.02400,
,,,05.168000000000,   0.02400,
,,,05.172000000000,   0.02400,
,,,05.176000000000,   0.02400,
,,,05.180000000000,   0.02400,
,,,05.184000000000,   0.02000,
,,,05.188000000000,   0.02400,
,,,05.192000000000,   0.02400,
,,,05.196000000000,   0.02400,
,,,05.200000000000,   0.02000,
,,,05.204000000000,   0.02400,
,,,05.208000000000,   0.02000,
,,,05.212000000000,   0.02000,
,,,05.216000000000,   0.02000,
,,,05.220000000000,   0.02400,
,,,05.224000000000,   0.02400,
,,,05.228000000000,   0.02400,
,,,05.232000000000,   0.02400,
,,,05.236000000000,   0.02000,
,,,05.240000000000,   0.02400,
,,,05.244000000000,   0.02000,
,,,05.248000000000,   0.02400,
,,,05.252000000000,   0.02000,
,,,05.256000000000,   0.02400,
,,,05.260000000000,   0.02400,
,,,05.264000000000,   0.02000,
,,,05.268000000000,   0.02000,
,,,05.272000000000,   0.02000,
,,,05.276000000000,   0.02400,
,,,05.280000000000,   0.02000,
,,,05.284000000000,   0.02000,
,,,05.288000000000,   0.02400,
,,,05.292000000000,   0.02000,
,,,05.296000000000,   0.02000,
,,,05.300000000000,   0.02400,
,,,05.304000000000,   0.02000,
,,,05.308000000000,   0.02000,
,,,05.312000000000,   0.02000,
,,,05.316000000000,   0.02000,
,,,05.320000000000,   0.02400,
,,,05.324000000000,   0.02000,
,,,05.328000000000,   0.02000,
,,,05.332000000000,   0.02000,
,,,05.336000000000,   0.02400,
,,,05.340000000000,   0.02400,
,,,05.344000000000,   0.02400,
,,,05.348000000000,   0.02400,
,,,05.352000000000,   0.02400,
,,,05.356000000000,   0.02400,
,,,05.360000000000,   0.02000,
,,,05.364000000000,   0.02000,
,,,05.368000000000,   0.02400,
,,,05.372000000000,   0.02400,
,,,05.376000000000,   0.02000,
,,,05.380000000000,   0.02000,
,,,05.384000000000,   0.02400,
,,,05.388000000000,   0.02000,
,,,05.392000000000,   0.02000,
,,,05.396000000000,   0.02400,
,,,05.400000000000,   0.02000,
,,,05.404000000000,   0.02000,
,,,05.408000000000,   0.02400,
,,,05.412000000000,   0.02000,
,,,05.416000000000,   0.02400,
,,,05.420000000000,   0.01600,
,,,05.424000000000,  -0.00400,
,,,05.428000000000,  -0.01600,
,,,05.432000000000,  -0.03200,
,,,05.436000000000,  -0.04000,
,,,05.440000000000,  -0.04800,
,,,05.444000000000,  -0.04800,
,,,05.448000000000,  -0.04800,
,,,05.452000000000,  -0.04400,
,,,05.456000000000,  -0.04000,
,,,05.460000000000,  -0.03600,
,,,05.464000000000,  -0.02800,
,,,05.468000000000,  -0.01600,
,,,05.472000000000,  -0.01200,
,,,05.476000000000,  -0.00800,
,,,05.480000000000,   0.00000,
,,,05.484000000000,   0.00400,
,,,05.488000000000,   0.00800,
,,,05.492000000000,   0.01200,
,,,05.496000000000,   0.01600,
,,,05.500000000000,   0.02000,
,,,05.504000000000,   0.02000,
,,,05.508000000000,   0.02400,
,,,05.512000000000,   0.02400,
,,,05.516000000000,   0.02400,
,,,05.520000000000,   0.02400,
,,,05.524000000000,   0.02400,
,,,05.528000000000,   0.02400,
,,,05.532000000000,   0.02400,
,,,05.536000000000,   0.02400,
,,,05.540000000000,   0.02400,
,,,05.544000000000,   0.02000,
,,,05.548000000000,   0.02000,
,,,05.552000000000,   0.02000,
,,,05.556000000000,   0.01600,
,,,05.560000000000,   0.01200,
,,,05.564000000000,   0.00800,
,,,05.568000000000,   0.00000,
,,,05.572000000000,  -0.01200,
,,,05.576000000000,  -0.02000,
,,,05.580000000000,  -0.03200,
,,,05.584000000000,  -0.04000,
,,,05.588000000000,  -0.04800,
,,,05.592000000000,  -0.05200,
,,,05.596000000000,  -0.05200,
,,,05.600000000000,  -0.05200,
,,,05.604000000000,  -0.04800,
,,,05.608000000000,  -0.04400,
,,,05.612000000000,  -0.04000,
,,,05.616000000000,  -0.03200,
,,,05.620000000000,  -0.02400,
,,,05.624000000000,  -0.01600,
,,,05.628000000000,  -0.01200,
,,,05.632000000000,  -0.00400,
,,,05.636000000000,   0.00000,
,,,05.640000000000,   0.00800,
,,,05.644000000000,   0.01200,
,,,05.648000000000,   0.01600,
,,,05.652000000000,   0.01600,
,,,05.656000000000,   0.01600,
,,,05.660000000000,   0.02000,
,,,05.664000000000,   0.02000,
,,,05.668000000000,   0.02000,
,,,05.672000000000,   0.02400,
,,,05.676000000000,   0.02400,
,,,05.680000000000,   0.02000,
,,,05.684000000000,   0.02400,
,,,05.688000000000,   0.02000,
,,,05.692000000000,   0.02000,
,,,05.696000000000,   0.02400,
,,,05.700000000000,   0.02400,
,,,05.704000000000,   0.02400,
,,,05.708000000000,   0.02400,
,,,05.712000000000,   0.02400,
,,,05.716000000000,   0.02000,
,,,05.720000000000,   0.02400,
,,,05.724000000000,   0.02400,
,,,05.728000000000,   0.02400,
,,,05.732000000000,   0.02400,
,,,05.736000000000,   0.02400,
,,,05.740000000000,   0.02400,
,,,05.744000000000,   0.02400,
,,,05.748000000000,   0.02400,
,,,05.752000000000,   0.02400,
,,,05.756000000000,   0.02400,
,,,05.760000000000,   0.02400,
,,,05.764000000000,   0.02400,
,,,05.768000000000,   0.02400,
,,,05.772000000000,   0.02400,
,,,05.776000000000,   0.02400,
,,,05.780000000000,   0.02400,
,,,05.784000000000,   0.02400,
,,,05.788000000000,   0.02400,
,,,05.792000000000,   0.02400,
,,,05.796000000000,   0.02000,
,,,05.800000000000,   0.02400,
,,,05.804000000000,   0.02400,
,,,05.808000000000,   0.02000,
,,,05.812000000000,   0.02400,
,,,05.816000000000,   0.02400,
,,,05.820000000000,   0.02400,
,,,05.824000000000,   0.02000,
,,,05.828000000000,   0.02400,
,,,05.832000000000,   0.02400,
,,,05.836000000000,   0.02400,
,,,05.840000000000,   0.02400,
,,,05.844000000000,   0.02000,
,,,05.848000000000,   0.02000,
,,,05.852000000000,   0.02400,
,,,05.856000000000,   0.02400,
,,,05.860000000000,   0.02000,
,,,05.864000000000,   0.02000,
,,,05.868000000000,   0.02400,
,,,05.872000000000,   0.02400,
,,,05.876000000000,   0.02000,
,,,05.880000000000,   0.02400,
,,,05.884000000000,   0.02000,
,,,05.888000000000,   0.02000,
,,,05.892000000000,   0.02400,
,,,05.896000000000,   0.02000,
,,,05.900000000000,   0.02000,
,,,05.904000000000,   0.02000,
,,,05.908000000000,   0.02000,
,,,05.912000000000,   0.02400,
,,,05.916000000000,   0.02000,
,,,05.920000000000,   0.02000,
,,,05.924000000000,   0.02000,
,,,05.928000000000,   0.02400,
,,,05.932000000000,   0.02400,
,,,05.936000000000,   0.02000,
,,,05.940000000000,   0.02000,
,,,05.944000000000,   0.02400,
,,,05.948000000000,   0.02400,
,,,05.952000000000,   0.02000,
,,,05.956000000000,   0.02000,
,,,05.960000000000,   0.02400,
,,,05.964000000000,   0.02400,
,,,05.968000000000,   0.02400,
,,,05.972000000000,   0.02000,
,,,05.976000000000,   0.02400,
,,,05.980000000000,   0.02400,
,,,05.984000000000,   0.02400,
,,,05.988000000000,   0.02000,
,,,05.992000000000,   0.02400,
,,,05.996000000000,   0.02000,
,,,06.000000000000,   0.02000,
,,,06.004000000000,   0.02000,
,,,06.008000000000,   0.02000,
,,,06.012000000000,   0.02000,
,,,06.016000000000,   0.02000,
,,,06.020000000000,   0.02000,
,,,06.024000000000,   0.02000,
,,,06.028000000000,   0.02000,
,,,06.032000000000,   0.02000,
,,,06.036000000000,   0.02000,
,,,06.040000000000,   0.02000,
,,,06.044000000000,   0.02000,
,,,06.048000000000,   0.02000,
,,,06.052000000000,   0.02000,
,,,06.056000000000,   0.02000,
,,,06.060000000000,   0.01600,
,,,06.064000000000,   0.02000,
,,,06.068000000000,   0.01600,
,,,06.072000000000,   0.01200,
,,,06.076000000000,   0.01200,
,,,06.080000000000,   0.00800,
,,,06.084000000000,   0.00400,
,,,06.088000000000,  -0.00400,
,,,06.092000000000,  -0.00800,
,,,06.096000000000,  -0.01200,
,,,06.100000000000,  -0.01600,
,,,06.104000000000,  -0.01600,
,,,06.108000000000,  -0.01200,
,,,06.112000000000,  -0.01200,
,,,06.116000000000,  -0.01200,
,,,06.120000000000,  -0.00800,
,,,06.124000000000,  -0.00400,
,,,06.128000000000,   0.00000,
,,,06.132000000000,   0.00400,
,,,06.136000000000,   0.00400,
,,,06.140000000000,   0.00800,
,,,06.144000000000,   0.01200,
,,,06.148000000000,   0.01600,
,,,06.152000000000,   0.01600,
,,,06.156000000000,   0.01600,
,,,06.160000000000,   0.02000,
,,,06.164000000000,   0.02000,
,,,06.168000000000,   0.01600,
,,,06.172000000000,   0.02000,
,,,06.176000000000,   0.01600,
,,,06.180000000000,   0.01600,
,,,06.184000000000,   0.02000,
,,,06.188000000000,   0.02000,
,,,06.192000000000,   0.02000,
,,,06.196000000000,   0.01600,
,,,06.200000000000,   0.02000,
,,,06.204000000000,   0.02000,
,,,06.208000000000,   0.02000,
,,,06.212000000000,   0.02000,
,,,06.216000000000,   0.02000,
,,,06.220000000000,   0.01600,
,,,06.224000000000,   0.01600,
,,,06.228000000000,   0.02000,
,,,06.232000000000,   0.02000,
,,,06.236000000000,   0.02000,
,,,06.240000000000,   0.02000,
,,,06.244000000000,   0.01600,
,,,06.248000000000,   0.01600,
,,,06.252000000000,   0.01600,
,,,06.256000000000,   0.02000,
,,,06.260000000000,   0.02000,
,,,06.264000000000,   0.02000,
,,,06.268000000000,   0.02000,
,,,06.272000000000,   0.02000,
,,,06.276000000000,   0.02000,
,,,06.280000000000,   0.02000,
,,,06.284000000000,   0.02000,
,,,06.288000000000,   0.01600,
,,,06.292000000000,   0.02000,
,,,06.296000000000,   0.01600,
,,,06.300000000000,   0.01600,
,,,06.304000000000,   0.01600,
,,,06.308000000000,   0.01600,
,,,06.312000000000,   0.01600,
,,,06.316000000000,   0.01600,
,,,06.320000000000,   0.02000,
,,,06.324000000000,   0.02000,
,,,06.328000000000,   0.01600,
,,,06.332000000000,   0.01600,
,,,06.336000000000,   0.01600,
,,,06.340000000000,   0.01600,
,,,06.344000000000,   0.01600,
,,,06.348000000000,   0.01600,
,,,06.352000000000,   0.01600,
,,,06.356000000000,   0.01600,
,,,06.360000000000,   0.01600,
,,,06.364000000000,   0.01600,
,,,06.368000000000,   0.01600,
,,,06.372000000000,   0.01600,
,,,06.376000000000,   0.01600,
,,,06.380000000000,   0.01600,
,,,06.384000000000,   0.01600,
,,,06.388000000000,   0.01600,
,,,06.392000000000,   0.01600,
,,,06.396000000000,   0.01600,
,,,06.400000000000,   0.01600,
,,,06.404000000000,   0.01600,
,,,06.408000000000,   0.01600,
,,,06.412000000000,   0.01600,
,,,06.416000000000,   0.01600,
,,,06.420000000000,   0.01200,
,,,06.424000000000,   0.01600,
,,,06.428000000000,   0.01200,
,,,06.432000000000,   0.01600,
,,,06.436000000000,   0.01600,
,,,06.440000000000,   0.01200,
,,,06.444000000000,   0.01200,
,,,06.448000000000,   0.01200,
,,,06.452000000000,   0.01200,
,,,06.456000000000,   0.01600,
,,,06.460000000000,   0.01600,
,,,06.464000000000,   0.01200,
,,,06.468000000000,   0.01200,
,,,06.472000000000,   0.01200,
,,,06.476000000000,   0.01200,
,,,06.480000000000,   0.01200,
,,,06.484000000000,   0.01200,
,,,06.488000000000,   0.01200,
,,,06.492000000000,   0.01200,
,,,06.496000000000,   0.01200,
,,,06.500000000000,   0.01200,
,,,06.504000000000,   0.01200,
,,,06.508000000000,   0.01200,
,,,06.512000000000,   0.01200,
,,,06.516000000000,   0.01200,
,,,06.520000000000,   0.01200,
,,,06.524000000000,   0.01200,
,,,06.528000000000,   0.00800,
,,,06.532000000000,   0.01200,
,,,06.536000000000,   0.00800,
,,,06.540000000000,   0.01200,
,,,06.544000000000,   0.01200,
,,,06.548000000000,   0.00800,
,,,06.552000000000,   0.01200,
,,,06.556000000000,   0.00800,
,,,06.560000000000,   0.00800,
,,,06.564000000000,   0.00800,
,,,06.568000000000,   0.00800,
,,,06.572000000000,   0.00800,
,,,06.576000000000,   0.00400,
,,,06.580000000000,   0.00400,
,,,06.584000000000,   0.00800,
,,,06.588000000000,   0.00800,
,,,06.592000000000,   0.00800,
,,,06.596000000000,   0.00800,
,,,06.600000000000,   0.00800,
,,,06.604000000000,   0.00800,
,,,06.608000000000,   0.00400,
,,,06.612000000000,   0.00400,
,,,06.616000000000,   0.00400,
,,,06.620000000000,   0.00400,
,,,06.624000000000,   0.00400,
,,,06.628000000000,   0.00400,
,,,06.632000000000,   0.00400,
,,,06.636000000000,   0.00400,
,,,06.640000000000,   0.00400,
,,,06.644000000000,   0.00400,
,,,06.648000000000,   0.00400,
,,,06.652000000000,   0.00400,
,,,06.656000000000,   0.00400,
,,,06.660000000000,   0.00000,
,,,06.664000000000,   0.00000,
,,,06.668000000000,   0.00000,
,,,06.672000000000,   0.00000,
,,,06.676000000000,   0.00000,
,,,06.680000000000,   0.00000,
,,,06.684000000000,  -0.00400,
,,,06.688000000000,   0.00000,
,,,06.692000000000,  -0.00400,
,,,06.696000000000,   0.00000,
,,,06.700000000000,  -0.00400,
,,,06.704000000000,  -0.00400,
,,,06.708000000000,  -0.00400,
,,,06.712000000000,  -0.00400,
,,,06.716000000000,  -0.00400,
,,,06.720000000000,  -0.00800,
,,,06.724000000000,  -0.00400,
,,,06.728000000000,  -0.00400,
,,,06.732000000000,  -0.00800,
,,,06.736000000000,  -0.00800,
,,,06.740000000000,  -0.00800,
,,,06.744000000000,  -0.00800,
,,,06.748000000000,  -0.00800,
,,,06.752000000000,  -0.00800,
,,,06.756000000000,  -0.01200,
,,,06.760000000000,  -0.01200,
,,,06.764000000000,  -0.01200,
,,,06.768000000000,  -0.01200,
,,,06.772000000000,  -0.01200,
,,,06.776000000000,  -0.01200,
,,,06.780000000000,  -0.01200,
,,,06.784000000000,  -0.01200,
,,,06.788000000000,  -0.01600,
,,,06.792000000000,  -0.01600,
,,,06.796000000000,  -0.01600,
,,,06.800000000000,  -0.01600,
,,,06.804000000000,  -0.02000,
,,,06.808000000000,  -0.01600,
,,,06.812000000000,  -0.02000,
,,,06.816000000000,  -0.02000,
,,,06.820000000000,  -0.02400,
,,,06.824000000000,  -0.02400,
,,,06.828000000000,  -0.02400,
,,,06.832000000000,  -0.02400,
,,,06.836000000000,  -0.02800,
,,,06.840000000000,  -0.02800,
,,,06.844000000000,  -0.02800,
,,,06.848000000000,  -0.03200,
,,,06.852000000000,  -0.03200,
,,,06.856000000000,  -0.03200,
,,,06.860000000000,  -0.03200,
,,,06.864000000000,  -0.03600,
,,,06.868000000000,  -0.03600,
,,,06.872000000000,  -0.03600,
,,,06.876000000000,  -0.04000,
,,,06.880000000000,  -0.04400,
,,,06.884000000000,  -0.04400,
,,,06.888000000000,  -0.04400,
,,,06.892000000000,  -0.04400,
,,,06.896000000000,  -0.04800,
,,,06.900000000000,  -0.04800,
,,,06.904000000000,  -0.04800,
,,,06.908000000000,  -0.05200,
,,,06.912000000000,  -0.05200,
,,,06.916000000000,  -0.05600,
,,,06.920000000000,  -0.05600,
,,,06.924000000000,  -0.06000,
,,,06.928000000000,  -0.06000,
,,,06.932000000000,  -0.06400,
,,,06.936000000000,  -0.06400,
,,,06.940000000000,  -0.06800,
,,,06.944000000000,  -0.06800,
,,,06.948000000000,  -0.07200,
,,,06.952000000000,  -0.07200,
,,,06.956000000000,  -0.07600,
,,,06.960000000000,  -0.08000,
,,,06.964000000000,  -0.08000,
,,,06.968000000000,  -0.08400,
,,,06.972000000000,  -0.08400,
,,,06.976000000000,  -0.08800,
,,,06.980000000000,  -0.08800,
,,,06.984000000000,  -0.09200,
,,,06.988000000000,  -0.09200,
,,,06.992000000000,  -0.10000,
,,,06.996000000000,  -0.10000,
,,,07.000000000000,  -0.10400,
,,,07.004000000000,  -0.10800,
,,,07.008000000000,  -0.11200,
,,,07.012000000000,  -0.11200,
,,,07.016000000000,  -0.11200,
,,,07.020000000000,  -0.11600,
,,,07.024000000000,  -0.12000,
,,,07.028000000000,  -0.12000,
,,,07.032000000000,  -0.12400,
,,,07.036000000000,  -0.12400,
,,,07.040000000000,  -0.12800,
,,,07.044000000000,  -0.12800,
,,,07.048000000000,  -0.13200,
,,,07.052000000000,  -0.13600,
,,,07.056000000000,  -0.13600,
,,,07.060000000000,  -0.14000,
,,,07.064000000000,  -0.14000,
,,,07.068000000000,  -0.14000,
,,,07.072000000000,  -0.14400,
,,,07.076000000000,  -0.14400,
,,,07.080000000000,  -0.14400,
,,,07.084000000000,  -0.14800,
,,,07.088000000000,  -0.14800,
,,,07.092000000000,  -0.14800,
,,,07.096000000000,  -0.14800,
,,,07.100000000000,  -0.14800,
,,,07.104000000000,  -0.14800,
,,,07.108000000000,  -0.14800,
,,,07.112000000000,  -0.14800,
,,,07.116000000000,  -0.14800,
,,,07.120000000000,  -0.14800,
,,,07.124000000000,  -0.14800,
,,,07.128000000000,  -0.14800,
,,,07.132000000000,  -0.14400,
,,,07.136000000000,  -0.14400,
,,,07.140000000000,  -0.14000,
,,,07.144000000000,  -0.14000,
,,,07.148000000000,  -0.14000,
,,,07.152000000000,  -0.13600,
,,,07.156000000000,  -0.13600,
,,,07.160000000000,  -0.13200,
,,,07.164000000000,  -0.12800,
,,,07.168000000000,  -0.12800,
,,,07.172000000000,  -0.12800,
,,,07.176000000000,  -0.12400,
,,,07.180000000000,  -0.12400,
,,,07.184000000000,  -0.12000,
,,,07.188000000000,  -0.11600,
,,,07.192000000000,  -0.11200,
,,,07.196000000000,  -0.10800,
,,,07.200000000000,  -0.10800,
,,,07.204000000000,  -0.10400,
,,,07.208000000000,  -0.10000,
,,,07.212000000000,  -0.10000,
,,,07.216000000000,  -0.09200,
,,,07.220000000000,  -0.09200,
,,,07.224000000000,  -0.09200,
,,,07.228000000000,  -0.08800,
,,,07.232000000000,  -0.08800,
,,,07.236000000000,  -0.08400,
,,,07.240000000000,  -0.08400,
,,,07.244000000000,  -0.08000,
,,,07.248000000000,  -0.07600,
,,,07.252000000000,  -0.07600,
,,,07.256000000000,  -0.07200,
,,,07.260000000000,  -0.07200,
,,,07.264000000000,  -0.06800,
,,,07.268000000000,  -0.06800,
,,,07.272000000000,  -0.06400,
,,,07.276000000000,  -0.06000,
